,index,width,Name,Point,DistrictPoint,WardPoint,WidthRoad
0,0.0,27.5,3/2,1,1.0,17.0,27.5
1,1.0,34.0,30/4,2,,,
2,2.0,21.0,2/9,3,1.0,27.0,21.0
3,3.0,7.5,Phan Đình Giót,4,,,
4,4.0,5.5, Lý Tế Xuyên,5,,,
5,5.0,5.5, Nguyễn Trác,6,,,
6,6.0,5.5, Phạm Thiều,7,,,
7,7.0,6.3, Phan Bội Châu,8,,,
8,8.0,5.5, Phần Lăng 1,9,,,
9,9.0,5.5, Phần Lăng 2,10,,,
10,10.0,5.5, Phần Lăng 3,11,,,
11,11.0,5.5, Phần Lăng 4,12,,,
12,12.0,5.5, Phần Lăng 5,13,,,
13,13.0,5.5, Phong Bắc,14,,,
14,14.0,5.5, Quán Khải 1,15,,,
15,15.0,, Tân An 1,16,,,
16,16.0,, Tân An 3,17,,,
17,17.0,, Tân An2,18,,,
18,18.0,10.5, Tôn Thất Đạm,19,,,
19,19.0,9.0, Triệu Nữ Vương,20,,,
20,20.0,5.5, Văn Cận,21,,,
21,21.0,5.5, Vân Đài Nữ Sĩ,22,,,
22,22.0,7.5, Vũ Ngọc Phan,23,,,
23,23.0,5.5, Xuân Đán 2,24,,,
24,24.0,,Alexandre Yersin (Yersin),25,,,
25,25.0,5.5,An Bắc 2,26,,,
26,26.0,5.5,An Bắc 3,27,,,
27,27.0,3.75,An Cư 1,28,5.0,33.0,3.75
28,28.0,3.75,An Cư 2,29,5.0,33.0,3.75
29,29.0,3.75,An Cư 3,30,,,
30,30.0,5.5,An Cư 4,31,5.0,32.0,5.5
31,31.0,5.5,An Cư 5,32,5.0,32.0,5.5
32,32.0,5.5,An Cư 6,33,,,
33,33.0,5.5,An Cư 7,34,5.0,32.0,5.5
34,34.0,15.0,An Dương Vương,35,6.0,36.0,15.0
35,35.0,7.5,An Đồn 1,36,,,
36,36.0,5.5,An Đồn 2,37,,,
37,37.0,5.5,An Đồn 3,38,,,
38,38.0,7.5,An Đồn 4,39,5.0,32.0,7.5
39,39.0,5.5,An Đồn 5,40,5.0,32.0,5.5
40,40.0,2.5,An Hải 1,41,5.0,32.0,2.5
41,41.0,3.5,An Hải 10,42,5.0,32.0,3.5
42,42.0,3.5,An Hải 11,43,5.0,32.0,3.5
43,43.0,3.5,An Hải 12,44,5.0,32.0,3.5
44,44.0,3.5,An Hải 14,45,,,
45,45.0,4.0,An Hải 15,46,5.0,32.0,4.0
46,46.0,4.0,An Hải 16,47,,,
47,47.0,4.0,An Hải 17,48,5.0,32.0,4.0
48,48.0,4.0,An Hải 18,49,5.0,31.0,4.0
49,49.0,4.0,An Hải 19,50,,,
50,50.0,5.5,An Hải 2,51,,,
51,51.0,5.5,An Hải 20,52,5.0,30.0,5.5
52,52.0,4.0,An Hải 21,53,,,
53,53.0,5.5,An Hải 3,54,5.0,35.0,5.5
54,54.0,5.5,An Hải 4,55,5.0,32.0,5.5
55,55.0,3.5,An Hải 5,56,5.0,32.0,3.5
56,56.0,3.5,An Hải 6,57,5.0,32.0,3.5
57,57.0,5.5,An Hải 7,58,5.0,32.0,5.5
58,58.0,5.5,An Hải 8,59,,,
59,59.0,5.5,An Hải 9,60,,,
60,60.0,3.75,An Hải Bắc 1,61,,,
61,61.0,3.75,An Hải Bắc 2,62,,,
62,62.0,3.75,An Hải Bắc 3,63,,,
63,63.0,3.75,An Hải Bắc 4,64,,,
64,64.0,3.75,An Hải Bắc 5,65,,,
65,65.0,3.75,An Hải Bắc 6,66,,,
66,66.0,5.5,An Hải Bắc 7,67,,,
67,67.0,3.75,An Hải Bắc 8,68,5.0,32.0,3.75
68,68.0,7.5,An Hoà 1,69,4.0,40.0,7.5
69,69.0,3.5,An Hoà 10,70,,,
70,70.0,3.5,An Hoà 11,71,,,
71,71.0,7.5,An Hoà 12,72,,,
72,72.0,5.5,An Hoà 2,73,,,
73,73.0,5.5,An Hoà 3,74,,,
74,74.0,7.5,An Hoà 4,75,,,
75,75.0,5.5,An Hoà 5,76,,,
76,76.0,5.5,An Hoà 6,77,,,
77,77.0,5.5,An Hoà 7,78,,,
78,78.0,5.5,An Hoà 8,79,,,
79,79.0,7.5,An Hoà 9,80,,,
80,80.0,15.0,An Nông,81,,,
81,81.0,5.5,An Nhơn 1,82,5.0,32.0,5.5
82,82.0,3.75,An Nhơn 10,83,5.0,32.0,3.75
83,83.0,3.75,An Nhơn 11,84,5.0,32.0,3.75
84,84.0,5.5,An Nhơn 2,85,5.0,32.0,5.5
85,85.0,5.5,An Nhơn 3,86,5.0,32.0,5.5
86,86.0,3.75,An Nhơn 4,87,5.0,32.0,3.75
87,87.0,3.75,An Nhơn 5,88,,,
88,88.0,5.5,An Nhơn 6,89,,,
89,89.0,3.5,An Nhơn 7,90,5.0,32.0,3.5
90,90.0,3.5,An Nhơn 8,91,,,
91,91.0,3.75,An Nhơn 9,92,5.0,32.0,3.75
92,92.0,7.5,An Tư Công Chúa,93,6.0,36.0,7.5
93,93.0,7.5,An Thượng 1,94,6.0,36.0,7.5
94,94.0,5.5,An Thượng 10,95,6.0,36.0,5.5
95,95.0,5.5,An Thượng 11,96,,,
96,96.0,3.5,An Thượng 12,97,6.0,37.0,3.5
97,97.0,3.5,An Thượng 14,98,6.0,36.0,3.5
98,98.0,5.5,An Thượng 15,99,6.0,36.0,5.5
99,99.0,3.5,An Thượng 16,100,6.0,36.0,3.5
100,100.0,5.5,An Thượng 17,101,6.0,36.0,5.5
101,101.0,3.5,An Thượng 18,102,6.0,36.0,3.5
102,102.0,3.5,An Thượng 19,103,6.0,36.0,3.5
103,103.0,7.5,An Thượng 2,104,6.0,36.0,7.5
104,104.0,5.5,An Thượng 23,105,6.0,36.0,5.5
105,105.0,5.5,An Thượng 24,106,6.0,36.0,5.5
106,106.0,5.5,An Thượng 26,107,6.0,36.0,5.5
107,107.0,5.5,An Thượng 27,108,6.0,36.0,5.5
108,108.0,5.5,An Thượng 28,109,6.0,36.0,5.5
109,109.0,5.5,An Thượng 29,110,6.0,37.0,5.5
110,110.0,7.5,An Thượng 3,111,6.0,36.0,7.5
111,111.0,5.5,An Thượng 30,112,6.0,36.0,5.5
112,112.0,5.5,An Thượng 31,113,6.0,36.0,5.5
113,113.0,5.5,An Thượng 32,114,6.0,36.0,5.5
114,114.0,5.5,An Thượng 33,115,6.0,36.0,5.5
115,115.0,5.5,An Thượng 34,116,6.0,36.0,5.5
116,116.0,7.5,An Thượng 35,117,6.0,36.0,7.5
117,117.0,7.5,An Thượng 36,118,6.0,37.0,7.5
118,118.0,7.5,An Thượng 4,119,6.0,36.0,7.5
119,119.0,3.5,An Thượng 5,120,6.0,36.0,3.5
120,121.0,5.5,An Thượng 6,121,6.0,36.0,5.5
121,122.0,3.5,An Thượng 7,122,6.0,36.0,3.5
122,123.0,3.5,An Thượng 8,123,6.0,39.0,3.5
123,124.0,5.5,An Thượng 9,124,,,
124,125.0,7.5,An Trung 1,125,5.0,34.0,7.5
125,126.0,7.5,An Trung 2,126,5.0,34.0,7.5
126,127.0,10.5,An Trung 3,127,5.0,34.0,10.5
127,128.0,5.5,An Vĩnh,128,,,
128,129.0,5.5,An Xuân 1,129,,,
129,130.0,5.5,An Xuân 2,130,,,
130,131.0,7.5,Anh Thơ,131,6.0,37.0,7.5
131,132.0,5.5,Ấp Bắc,132,6.0,38.0,5.5
132,133.0,7.5,Ấp Bắc nối dài,133,,,
133,134.0,8.5,Âu Cơ,134,2.0,3.0,8.5
134,135.0,5.5,Bà Bang Nhãn,135,6.0,39.0,5.5
135,136.0,6.0,Ba Đình,136,1.0,16.0,6.0
136,137.0,7.5,Ba Gia,137,,,
137,138.0,5.5,Bá Giáng 1,138,,,
138,139.0,5.5,Bá Giáng 10,139,,,
139,140.0,5.5,Bá Giáng 11,140,,,
140,141.0,5.5,Bá Giáng 2,141,,,
141,142.0,5.5,Bá Giáng 3,142,,,
142,143.0,5.5,Bá Giáng 4,143,,,
143,144.0,5.5,Bá Giáng 5,144,6.0,38.0,5.5
144,145.0,5.5,Bá Giáng 6,145,,,
145,146.0,5.5,Bá Giáng 7,146,6.0,38.0,5.5
146,147.0,5.5,Bá Giáng 8,147,,,
147,148.0,5.5,Bá Giáng 9,148,,,
148,149.0,,Bà Huyện Thanh Quan,149,6.0,36.0,
149,150.0,12.0,Bạch Đằng,150,1.0,16.0,12.0
150,151.0,5.5,Bạch Thái Bưởi,151,2.0,3.0,5.5
151,152.0,5.5,Bãi Sậy,152,,,
152,153.0,5.5,Bát Nàn Công Chúa,153,6.0,39.0,5.5
153,154.0,5.5,Bàu Hạc 1,154,3.0,14.0,5.5
154,155.0,3.5,Bàu Hạc 2,155,,,
155,156.0,3.5,Bàu Hạc 3,156,,,
156,157.0,3.5,Bàu Hạc 4,157,,,
157,158.0,3.5,Bàu Hạc 5,158,3.0,12.0,3.5
158,159.0,6.0,Bàu Hạc 6,159,,,
159,160.0,5.5,Bàu Làng,160,3.0,8.0,5.5
160,161.0,5.5,Bàu Mạc 1,161,,,
161,162.0,5.5,Bàu Mạc 10,162,,,
162,163.0,5.5,Bàu Mạc 11,163,,,
163,164.0,7.5,Bàu Mạc 12,164,,,
164,165.0,5.5,Bàu Mạc 14,165,,,
165,166.0,5.5,Bàu Mạc 15,166,2.0,3.0,5.5
166,167.0,5.5,Bàu Mạc 2,167,2.0,3.0,5.5
167,168.0,5.5,Bàu Mạc 3,168,,,
168,169.0,5.5,Bàu Mạc 4,169,2.0,3.0,5.5
169,170.0,5.5,Bàu Mạc 5,170,2.0,3.0,5.5
170,171.0,5.5,Bàu Mạc 6,171,2.0,1.0,5.5
171,172.0,5.5,Bàu Mạc 7,172,2.0,5.0,5.5
172,173.0,5.5,Bàu Mạc 8,173,2.0,5.0,5.5
173,174.0,7.5,Bàu Mạc 9,174,,,
174,175.0,,Bàu Tràm 1,175,4.0,40.0,5.5
175,176.0,,Bàu Tràm 2,176,1.0,27.0,10.0
176,177.0,,Bàu Tràm 3,177,,,
177,178.0,,Bàu Tràm Trung,178,,,
178,179.0,3.5,Bàu Trãng 1,179,,,
179,180.0,3.5,Bàu Trãng 2,180,,,
180,181.0,5.5,Bàu Trãng 3,181,,,
181,182.0,5.5,Bàu Trãng 4,182,,,
182,183.0,5.5,Bàu Trãng 5,183,,,
183,184.0,3.5,Bàu Trãng 6,184,,,
184,185.0,5.5,Bàu Trảng 7 (Khu dân cư Thanh Lộc Đán mới ),185,,,
185,186.0,7.5,Bàu Vàng 1,186,2.0,3.0,7.5
186,187.0,7.5,Bàu Vàng 2,187,,,
187,188.0,7.5,Bàu Vàng 3,188,,,
188,189.0,7.5,Bàu Vàng 4,189,2.0,3.0,7.5
189,190.0,7.5,Bàu Vàng 5,190,2.0,3.0,7.5
190,191.0,7.5,Bàu Vàng 6,191,,,
191,192.0,4.5,Bắc Đẩu,192,1.0,16.0,4.5
192,193.0,,Bắc Sơn,193,4.0,42.0,14.0
193,194.0,5.5,Bế Văn Đàn,194,3.0,11.0,5.5
194,195.0,5.5,Bình Giã,195,,,
195,196.0,3.5,Bình Hoà 1,196,,,
196,197.0,3.5,Bình Hoà 10,197,,,
197,198.0,3.5,Bình Hoà 11,198,,,
198,199.0,3.5,Bình Hoà 12,199,,,
199,200.0,3.75,Bình Hòa 14,200,4.0,40.0,3.75
200,201.0,3.5,Bình Hoà 2,201,,,
201,202.0,3.5,Bình Hoà 3,202,,,
202,203.0,6.0,Bình Hoà 4,203,,,
203,204.0,3.5,Bình Hoà 5,204,,,
204,205.0,3.5,Bình Hoà 6,205,,,
205,206.0,3.5,Bình Hoà 7,206,,,
206,207.0,3.5,Bình Hoà 8,207,,,
207,208.0,3.5,Bình Hoà 9,208,,,
208,209.0,5.0,Bình Kỳ,209,6.0,38.0,5.0
209,210.0,5.5,Bình Minh 1,210,1.0,26.0,5.5
210,211.0,5.5,Bình Minh 2,211,1.0,26.0,5.5
211,212.0,5.5,Bình Minh 3,212,1.0,26.0,5.5
212,213.0,5.5,Bình Thái 1,213,4.0,44.0,5.5
213,214.0,5.5,Bình Thái 2,214,4.0,44.0,5.5
214,215.0,5.5,Bình Thái 3,215,4.0,44.0,5.5
215,216.0,5.5,Bùi Bỉnh Uyên,216,6.0,39.0,5.5
216,217.0,5.0,Bùi Chát,217,2.0,3.0,5.0
217,218.0,3.5,Bùi Hữu Nghĩa,218,5.0,33.0,3.5
218,219.0,3.5,Bùi Lâm,219,5.0,32.0,3.5
219,220.0,10.5,Bùi Quốc Hưng,220,5.0,29.0,10.5
220,221.0,15.0,Bùi Tá Hán,221,6.0,39.0,15.0
221,222.0,7.5,Bùi Thế Mỹ,222,,,
222,223.0,7.0,Bùi Thị Xuân,223,5.0,34.0,7.0
223,224.0,5.5,Bùi Viện,224,1.0,28.0,5.5
224,225.0,5.5,Bùi Vịnh,225,4.0,44.0,5.5
225,226.0,7.5,Bùi Xuân Phái,226,,,
226,227.0,5.5,Bùi Xương Tự ,227,,,
227,228.0,5.5,Bùi Xương Trạch,228,4.0,40.0,5.5
228,229.0,5.5,Ca Văn Thỉnh,229,1.0,27.0,5.5
229,230.0,5.5,Cao Bá Nhạ,230,5.0,31.0,5.5
230,231.0,5.5,Cao Bá Quát,231,5.0,34.0,5.5
231,232.0,5.5,Cao Lỗ,232,5.0,29.0,5.5
232,233.0,5.5,Cao Sơn 1,233,,,
233,234.0,5.5,Cao Sơn 2,234,,,
234,235.0,5.5,Cao Sơn 3,235,,,
235,236.0,5.5,Cao Sơn 4,236,,,
236,237.0,5.5,Cao Sơn 5,237,,,
237,238.0,5.5,Cao Sơn 6,238,,,
238,239.0,5.5,Cao Sơn 7,239,,,
239,240.0,5.5,Cao Sơn 8,240,6.0,36.0,5.5
240,241.0,9.0,Cao Thắng,241,1.0,16.0,9.0
241,242.0,5.5,Cao Xuân Dục,242,1.0,17.0,5.5
242,243.0,7.5,Cầm Bá Thước,243,1.0,27.0,7.5
243,244.0,7.5,Cẩm Bắc 1,244,,,
244,245.0,,Cẩm Bắc 10,245,4.0,41.0,5.5
245,246.0,5.5,Cẩm Bắc 11,246,,,
246,247.0,5.5,Cẩm Bắc 12,247,,,
247,248.0,7.5,Cẩm Bắc 2,248,,,
248,249.0,7.5,Cẩm Bắc 3,249,,,
249,250.0,7.5,Cẩm Bắc 4,250,4.0,44.0,7.5
250,252.0,5.5,Cẩm Bắc 5,251,,,
251,253.0,,Cẩm Bắc 6,252,4.0,44.0,5.5
252,254.0,,Cẩm Bắc 7,253,,,
253,255.0,,Cẩm Bắc 8,254,4.0,44.0,5.5
254,256.0,,Cẩm Bắc 9,255,4.0,44.0,5.5
255,257.0,5.5,Cẩm Chánh 1,256,,,
256,258.0,5.5,Cẩm Chánh 2,257,,,
257,259.0,5.5,Cẩm Chánh 3,258,4.0,45.0,5.5
258,260.0,5.5,Cẩm Chánh 4,259,,,
259,261.0,5.5,Cẩm Chánh 5,260,,,
260,262.0,5.5,Cẩm Lệ,261,,,
261,263.0,5.5,Cẩm Nam 1,262,,,
262,264.0,5.5,Cẩm Nam 2,263,,,
263,265.0,5.5,Cẩm Nam 3,264,4.0,45.0,5.5
264,266.0,5.5,Cẩm Nam 4,265,,,
265,267.0,5.5,Cẩm Nam 5,266,,,
266,268.0,5.5,Cẩm Nam 6,267,,,
267,269.0,5.5,Cẩm Nam 7,268,,,
268,270.0,5.5,Cẩm Nam 8,269,,,
269,271.0,4.5,Cô Bắc,270,1.0,21.0,4.5
270,272.0,7.5,Cô Giang,271,1.0,21.0,7.5
271,273.0,5.5,Cổ Mân 1,272,5.0,31.0,5.5
272,274.0,5.5,Cổ Mân 2,273,,,
273,275.0,5.5,Cổ Mân 3,274,5.0,32.0,5.5
274,276.0,3.75,Cổ Mân 4,275,,,
275,277.0,3.75,Cổ Mân 5,276,,,
276,278.0,3.75,Cổ Mân 6,277,,,
277,279.0,3.75,Cổ Mân 7,278,,,
278,280.0,5.5,Cổ Mân 8,279,5.0,31.0,5.5
279,281.0,7.5,Cổ Mân 9,280,5.0,31.0,7.5
280,282.0,5.5,Cổ Mân Cúc 1,281,,,
281,283.0,5.5,Cổ Mân Cúc 2,282,,,
282,284.0,5.5,Cổ Mân Cúc 3,283,,,
283,285.0,5.5,Cổ Mân Cúc 4,284,4.0,45.0,5.5
284,286.0,5.5,Cổ Mân Lan 1,285,4.0,45.0,5.5
285,287.0,5.5,Cổ Mân Lan 2,286,4.0,45.0,5.5
286,288.0,5.5,Cổ Mân Lan 3,287,4.0,45.0,5.5
287,289.0,5.5,Cổ Mân Lan 4,288,4.0,45.0,5.5
288,290.0,5.5,Cổ Mân Mai 1,289,4.0,45.0,5.5
289,291.0,5.5,Cổ Mân Mai 2,290,,,
290,292.0,5.5,Cổ Mân Mai 3,291,4.0,45.0,5.5
291,293.0,5.5,Cổ Mân Mai 4,292,4.0,45.0,5.5
292,294.0,5.5,Cổ Mân Mai 5,293,4.0,45.0,5.5
293,295.0,5.5,Cồn Dầu 1,294,4.0,45.0,5.5
294,296.0,5.5,Cồn Dầu 2,295,4.0,45.0,5.5
295,297.0,5.5,Cồn Dầu 3,296,4.0,45.0,5.5
296,298.0,5.5,Cồn Dầu 4,297,,,
297,299.0,5.5,Cồn Dầu 5,298,,,
298,300.0,5.5,Cồn Dầu 6,299,,,
299,301.0,5.5,Cồn Dầu 7,300,4.0,45.0,5.5
300,302.0,5.5,Cồn Dầu 8,301,,,
301,303.0,5.5,Cống Quỳnh,302,4.0,44.0,5.5
302,304.0,5.5,Cù Chính Lan,303,3.0,15.0,5.5
303,305.0,7.5,Châu Thị Vĩnh Tế,304,6.0,36.0,7.5
304,306.0,5.0,Châu Thượng Văn,305,1.0,27.0,5.0
305,307.0,5.0,Châu Văn Liêm,306,1.0,20.0,5.0
306,308.0,5.0,Chế Lan Viên,307,6.0,36.0,5.0
307,309.0,10.5,Chi Lăng,308,1.0,19.0,10.5
308,310.0,5.5,Chơn Tâm 1,309,2.0,5.0,5.5
309,311.0,5.5,Chơn Tâm 2,310,2.0,4.0,5.5
310,312.0,5.5,Chơn Tâm 3,311,,,
311,313.0,5.5,Chơn Tâm 4,312,2.0,4.0,5.5
312,314.0,5.5,Chơn Tâm 5,313,2.0,4.0,5.5
313,315.0,5.5,Chơn Tâm 6,314,,,
314,316.0,5.5,Chơn Tâm 7,315,,,
315,317.0,5.5,Chơn Tâm 8,316,,,
316,318.0,7.5,Chu Cẩm Phong,317,6.0,39.0,7.5
317,319.0,7.5,Chu Huy Mân,318,5.0,30.0,7.5
318,321.0,7.5,Chu Lai,319,,,
319,322.0,6.8,Chu Văn An,320,1.0,25.0,6.8
320,323.0,5.5,Chúc Động,321,2.0,5.0,5.5
321,325.0,,Chương Dương,322,6.0,36.0,15.0
322,326.0,7.5,Doãn Kế Thiện,323,6.0,37.0,7.5
323,327.0,7.5,Doãn Uẩn,324,6.0,37.0,7.5
324,328.0,10.5,Dũng Sỹ Thanh Khê,325,,,
325,329.0,10.5,Duy Tân,326,1.0,22.0,10.5
326,330.0,5.5,Dương Bá Cung,327,4.0,45.0,5.5
327,331.0,5.5,Dương Bá Trạc,328,1.0,28.0,5.5
328,332.0,7.5,Dương Bạch Mai,329,,,
329,333.0,5.5,Dương Bích Liên,330,2.0,5.0,5.5
330,334.0,7.5,Dương Cát Lợi,331,,,
331,336.0,7.5,Dương Đình Nghệ,332,5.0,32.0,7.5
332,337.0,5.5,Dương Đức Hiền,333,2.0,5.0,5.5
333,338.0,10.5,Dương Khuê,334,6.0,36.0,10.5
334,339.0,5.5,Dương Tôn Hải ,335,,,
335,340.0,5.5,Dương Tụ Quán,336,6.0,36.0,5.5
336,341.0,7.5,Dương Tử Giang,337,6.0,37.0,7.5
337,342.0,15.0,Dương Tự Minh,338,5.0,32.0,15.0
338,343.0,5.5,Dương Thanh,339,5.0,32.0,5.5
339,344.0,10.5,Dương Thị Xuân Quý,340,,,
340,345.0,5.0,Dương Thưởng,341,1.0,27.0,5.0
341,346.0,5.5,Dương Trí Thạch,342,,,
342,347.0,5.5,Dương Văn An,343,5.0,32.0,5.5
343,348.0,10.5,Dương Vân Nga,344,5.0,30.0,10.5
344,349.0,5.5,Đa Mặn 1,345,,,
345,350.0,5.5,Đa Mặn 10,346,,,
346,351.0,5.5,Đa Mặn 2,347,6.0,37.0,5.5
347,352.0,5.5,Đa Mặn 3,348,6.0,37.0,5.5
348,353.0,5.5,Đa Mặn 4,349,,,
349,354.0,5.5,Đa Mặn 5,350,6.0,37.0,5.5
350,355.0,5.5,Đa Mặn 6,351,,,
351,356.0,5.5,Đa Mặn 7,352,,,
352,357.0,5.5,Đa Mặn 8,353,,,
353,358.0,5.5,Đa Mặn 9,354,,,
354,359.0,5.5,Đá Mọc 1,355,2.0,5.0,5.5
355,360.0,5.5,Đá Mọc 2,356,,,
356,361.0,5.5,Đá Mọc 3,357,,,
357,362.0,5.5,Đá Mọc 4,358,2.0,5.0,5.5
358,363.0,5.5,Đá Mọc 5,359,,,
359,364.0,7.5,Đa Phước 1,360,6.0,37.0,7.5
360,365.0,7.5,Đa Phước 2,361,6.0,37.0,7.5
361,366.0,7.5,Đa Phước 3,362,6.0,37.0,7.5
362,367.0,7.5,Đa Phước 4,363,6.0,37.0,7.5
363,368.0,7.5,Đa Phước 5,364,,,
364,369.0,7.5,Đa Phước 6,365,6.0,37.0,7.5
365,370.0,7.5,Đa Phước 7,366,6.0,37.0,7.5
366,371.0,7.5,Đa Phước 8,367,6.0,37.0,7.5
367,372.0,7.5,Đa Phước 9,368,6.0,37.0,7.5
368,373.0,10.5,Đà Sơn,369,2.0,4.0,10.5
369,374.0,5.5,Đai An 1,370,,,
370,375.0,5.5,Đai An 2,371,,,
371,376.0,7.5,Đai An 3,372,,,
372,377.0,5.5,Đai An 4,373,,,
373,378.0,4.5,Đàm Quang Trung,374,,,
374,379.0,10.5,Đàm Văn Lễ,375,2.0,5.0,10.5
375,380.0,5.5,Đào Cam Mộc,376,1.0,27.0,5.5
376,381.0,5.5,Đào Công Chính,377,4.0,40.0,5.5
377,382.0,,Đào Công Soạn,378,2.0,5.0,6.0
378,383.0,5.5,Đào Doãn Địch,379,,,
379,385.0,6.0,Đào Duy Anh,380,,,
380,386.0,5.5,Đào Duy Kỳ,381,5.0,30.0,5.5
381,387.0,10.5,Đào Duy Tùng,382,6.0,39.0,10.5
382,388.0,8.0,Đào Duy Từ,383,3.0,12.0,8.0
383,389.0,7.5,Đào Nghiễm,384,2.0,3.0,7.5
384,390.0,5.5,Đào Nguyên Phổ,385,2.0,5.0,5.5
385,391.0,5.5,Đào Sư Tích,386,2.0,5.0,5.5
386,392.0,5.5,Đào Tấn (nối dài),387,,,
387,393.0,5.5,Đào Trí,388,1.0,28.0,5.5
388,394.0,7.5,Đặng Chất,389,,,
389,395.0,5.5,Đặng Chiêm,390,,,
390,396.0,5.5,Đặng Dung,391,2.0,3.0,5.5
391,397.0,6.0,Đặng Dung (nối dài),392,,,
392,398.0,5.5,Đặng Đình Vân,393,3.0,8.0,5.5
393,399.0,7.5,Đặng Đức Siêu,394,,,
394,400.0,7.5,Đặng Huy Trứ,395,2.0,5.0,7.5
395,401.0,5.5,Đặng Minh Khiêm,396,2.0,5.0,5.5
396,402.0,5.5,Đặng Nguyên Cấn,397,,,
397,403.0,7.5,Đặng Nhơn,398,,,
398,404.0,5.5,Đặng Nhữ Lâm,399,5.0,29.0,5.5
399,405.0,5.5,Đặng Như Mai,400,4.0,42.0,5.5
400,406.0,5.5,Đặng Phúc Thông,401,,,
401,407.0,5.5,Đặng Tất,402,2.0,3.0,5.5
402,408.0,6.0,Đặng Thai Mai,403,3.0,13.0,6.0
403,409.0,3.5,Đặng Thái Thân,404,6.0,39.0,3.5
404,410.0,7.5,Đặng Thùy Trâm,405,1.0,22.0,7.5
405,411.0,3.75,Đặng Trần Côn,406,,,
406,412.0,,Đặng Văn Ngữ,407,4.0,40.0,7.5
407,413.0,7.5,Đặng Xuân Bảng,408,,,
408,414.0,7.5,Đặng Xuân Thiều,409,,,
409,415.0,5.5,Đầm Rong 1,410,,,
410,416.0,5.5,Đầm Rong 2,411,1.0,16.0,5.5
411,417.0,3.5,ĐH.6,412,,,
412,418.0,45.0,Điện Biên Phủ,413,3.0,12.0,45.0
413,419.0,5.5,Đing Công Tráng,414,,,
414,420.0,10.5,Đinh Công Trứ,415,5.0,29.0,10.5
415,421.0,,Đinh Châu,416,4.0,44.0,11.0
416,422.0,7.5,Đinh Đạt,417,5.0,33.0,7.5
417,423.0,5.5,Đinh Gia Khánh,418,6.0,37.0,5.5
418,424.0,21.0,Đinh Lễ,419,5.0,31.0,21.0
419,425.0,15.0,Đinh Liệt,420,4.0,41.0,15.0
420,426.0,5.5,Đinh Núp,421,3.0,14.0,5.5
421,427.0,5.5,Đinh Nhật Thận,422,,,
422,428.0,5.5,Đinh Tiên Hoàng,423,1.0,16.0,5.5
423,429.0,7.5,Đinh Thị Hòa,424,5.0,32.0,7.5
424,430.0,10.5,Đinh Thị Vân,425,3.0,14.0,10.5
425,431.0,5.5,Đò Xu 3,426,,,
426,432.0,7.5,Đoàn Hữu Trưng,427,4.0,42.0,7.5
427,434.0,11.5,Đoàn Khuê,428,6.0,37.0,11.5
428,436.0,5.5,Đoàn Ngọc Nhạc,429,,,
429,437.0,5.5,Đoàn Nguyễn Tuấn,430,4.0,45.0,5.5
430,438.0,5.5,Đoàn Nguyên Thục,431,,,
431,439.0,5.5,Đoàn Như Hài,432,,,
432,440.0,5.5,Đoàn Phú Tứ,433,2.0,3.0,5.5
433,441.0,5.5,Đoàn Quý Phi,434,1.0,28.0,5.5
434,442.0,4.5,Đoàn Thị Điểm,435,1.0,20.0,4.5
435,443.0,5.5,Đoàn Trần Nghiệp,436,2.0,3.0,5.5
436,445.0,11.25,Đỗ Anh Hàn,437,5.0,32.0,11.25
437,447.0,10.5,Đỗ Bá,438,6.0,36.0,10.5
438,448.0,5.5,Đỗ Bí,439,6.0,36.0,5.5
439,450.0,5.5,Đỗ Đăng Tuyển,440,,,
440,451.0,5.5,Đô Đốc Bảo,441,,,
441,453.0,10.5,Đô Đốc Lân,442,4.0,45.0,10.5
442,455.0,5.5,Đô Đốc Lộc,443,4.0,45.0,5.5
443,457.0,5.5,Đô Đốc Tuyết,444,4.0,45.0,5.5
444,458.0,10.5,Đỗ Hành,445,,,
445,459.0,7.5,Đỗ Huy Uyển,446,5.0,32.0,7.5
446,461.0,5.5,Đỗ Năng Tế,447,,,
447,462.0,3.5,Đỗ Ngọc Du,448,,,
448,463.0,5.5,Đỗ Nhuận,449,2.0,5.0,5.5
449,464.0,6.0,Đỗ Quang,450,3.0,12.0,6.0
450,465.0,7.5,Đỗ Tự,451,4.0,45.0,7.5
451,466.0,7.5,Đỗ Thế Chấp,452,5.0,33.0,7.5
452,467.0,6.0,Đỗ Thúc Tịnh,453,4.0,40.0,6.0
453,468.0,7.5,Đỗ Xuân Cát,454,,,
454,469.0,5.5,Đỗ Xuân Hợp,455,5.0,32.0,5.5
455,470.0,5.5,Đốc Ngữ,456,,,
456,471.0,5.5,Đội Cấn,457,,,
457,472.0,5.5,Đội Cung,458,4.0,40.0,5.5
458,473.0,6.0,Đồng Bài 4,459,2.0,5.0,6.0
459,474.0,5.5,Đống Công Tường,460,,,
460,475.0,3.75,Đông Du,461,5.0,32.0,3.75
461,476.0,21.0,Đống Đa,462,1.0,18.0,21.0
462,477.0,10.5,Đông Giang,463,5.0,35.0,10.5
463,479.0,5.5,Đông Hải 1,464,,,
464,480.0,5.5,Đông Hải 10,465,,,
465,482.0,5.5,Đông Hải 11,466,,,
466,483.0,5.5,Đông Hải 12,467,,,
467,484.0,5.5,Đông Hải 14,468,,,
468,485.0,5.5,Đông Hải 3,469,,,
469,486.0,5.5,Đông Hải 4,470,,,
470,487.0,5.5,Đông Hải 5,471,6.0,39.0,5.5
471,488.0,5.5,Đông Hải 6,472,6.0,39.0,5.5
472,489.0,5.5,Đông Hải 7,473,,,
473,490.0,5.5,Đông Hải 8,474,,,
474,491.0,5.5,Đông Hải 9,475,,,
475,492.0,5.0,Đồng Kè,476,2.0,3.0,5.0
476,493.0,7.5,Đông Kinh Nghĩa Thục,477,5.0,33.0,7.5
477,494.0,7.5,Đồng Khởi,478,2.0,5.0,7.5
478,495.0,5.5,Đông Lợi 1 (Khu Gia đình quân nhân 372 ),479,,,
479,496.0,5.5,Đông Lợi 2,480,,,
480,497.0,5.5,Đông Lợi 3,481,,,
481,498.0,5.5,Đông Phước 4,482,,,
482,499.0,5.5,Đồng Phước Huyến,483,6.0,38.0,5.5
483,500.0,5.5,Đông Trà 1,484,,,
484,501.0,5.5,Đông Trà 2,485,6.0,39.0,5.5
485,502.0,5.5,Đông Trà 3,486,6.0,39.0,5.5
486,503.0,5.5,Đông Trà 4,487,6.0,39.0,5.5
487,504.0,5.5,Đông Trà 5,488,,,
488,505.0,5.5,"Đông Trà 6
",489,,,
489,506.0,5.5,Đông Trà 7,490,,,
490,507.0,3.75,Đồng Trí 1,491,2.0,5.0,3.75
491,508.0,3.75,Đồng Trí 2,492,,,
492,509.0,3.75,Đồng Trí 3,493,2.0,4.0,3.75
493,510.0,3.75,Đồng Trí 4,494,2.0,5.0,3.75
494,511.0,5.5,Đồng Trí 5,495,,,
495,512.0,7.5,Đồng Trí 6,496,2.0,4.0,7.5
496,513.0,5.5,Đức Lợi 1,497,,,
497,514.0,5.5,Đức Lợi 2,498,1.0,17.0,5.5
498,515.0,7.5,Đức Lợi 3,499,,,
499,516.0,5.5,An Bắc 1,500,,,
500,517.0,10.5,Francis Henry Loseby,501,,,
501,518.0,10.5,Francis Henry Loseby (Loseby),502,,,
502,519.0,7.5,Giang Châu 1,503,6.0,37.0,7.5
503,520.0,7.5,Giang Châu 2,504,6.0,37.0,7.5
504,521.0,7.5,Giang Châu 3,505,6.0,37.0,7.5
505,522.0,5.5,Giang Văn Minh,506,,,
506,523.0,5.5,Giáp Hải,507,5.0,30.0,5.5
507,524.0,5.5,Giáp Văn Cương,508,2.0,5.0,5.5
508,525.0,7.5,Hà Bổng,509,5.0,33.0,7.5
509,526.0,7.5,Hà Chương,510,5.0,33.0,7.5
510,527.0,5.5,Hà Đặc,511,,,
511,528.0,5.5,Hà Hồi,512,,,
512,529.0,5.5,Hà Huy Giáp,513,1.0,28.0,5.5
513,530.0,7.0,Hà Huy Tập,514,3.0,8.0,7.0
514,531.0,10.5,Hà Khê,515,3.0,9.0,10.5
515,532.0,7.5,Hà Mục,516,4.0,44.0,7.5
516,533.0,,Hà Tông Huân,517,5.0,29.0,8.0
517,534.0,10.5,Hà Tông Quyền,518,4.0,40.0,10.5
518,535.0,10.5,Hà Văn Tính,519,,,
519,536.0,5.5,Hà Văn Trí,520,4.0,40.0,5.5
520,537.0,5.0,Hà Xuân 1,521,3.0,11.0,5.0
521,538.0,5.0,Hà Xuân 2,522,,,
522,539.0,6.0,Hải Hồ,523,1.0,25.0,6.0
523,540.0,9.0,Hải Phòng,524,3.0,10.0,9.0
524,541.0,6.0,Hải Sơn,525,1.0,16.0,6.0
525,542.0,4.5,Hàm Mặc Tử,526,,,
526,543.0,8.0,Hàm Nghi,527,1.0,,8.0
527,544.0,7.5,Hàm Tử,528,6.0,36.0,7.5
528,545.0,,Hàm Trung 1,529,,,
529,546.0,,Hàm Trung 2,530,,,
530,547.0,5.5,Hàm Trung 3,531,,,
531,548.0,,Hàm Trung 4,532,,,
532,549.0,,Hàm Trung 5,533,,,
533,550.0,,Hàm Trung 6,534,,,
534,551.0,,Hàm Trung 7,535,,,
535,552.0,,Hàm Trung 8,536,,,
536,553.0,7.5,Hàm Trung 9,537,2.0,2.0,7.5
537,554.0,7.5,Hàn Thuyên,538,1.0,27.0,7.5
538,555.0,7.5,Hằng Phương Nữ Sĩ,539,,,
539,556.0,,Hòa An 1,540,,,
540,557.0,3.75,Hòa An 10,541,,,
541,559.0,,Hòa An 11,542,,,
542,560.0,,Hòa An 2,543,4.0,42.0,5.5
543,561.0,,Hòa An 3,544,,,
544,562.0,,Hòa An 4,545,,,
545,563.0,,Hòa An 5,546,4.0,40.0,7.5
546,564.0,,Hòa An 6,547,,,
547,565.0,,Hòa An 7,548,4.0,42.0,6.0
548,566.0,,Hòa An 8,549,4.0,42.0,3.7
549,567.0,,Hòa An 9,550,4.0,42.0,5.5
550,568.0,5.5,Hòa Bình 1,551,,,
551,569.0,5.5,Hòa Bình 2,552,,,
552,570.0,5.5,Hòa Bình 3,553,,,
553,571.0,5.5,Hòa Bình 4,554,,,
554,572.0,7.5,Hòa Bình 5,555,,,
555,573.0,5.5,Hòa Bình 6,556,,,
556,574.0,5.5,Hòa Bình 7,557,,,
557,575.0,5.5,Hoa Lư,558,5.0,30.0,5.5
558,576.0,,Hòa Minh 1,559,2.0,5.0,5.5
559,577.0,,Hòa Minh 10,560,,,
560,578.0,,Hòa Minh 11,561,,,
561,579.0,,Hòa Minh 12,562,,,
562,580.0,,Hòa Minh 13,563,,,
563,581.0,,Hòa Minh 14,564,,,
564,582.0,,Hòa Minh 15,565,,,
565,583.0,,Hòa Minh 16,566,,,
566,584.0,,Hòa Minh 17,567,,,
567,585.0,,Hòa Minh 18,568,,,
568,586.0,,Hòa Minh 19,569,,,
569,587.0,,Hòa Minh 2,570,2.0,5.0,5.0
570,588.0,,Hòa Minh 20,571,,,
571,589.0,,Hòa Minh 21,572,,,
572,590.0,,Hòa Minh 22,573,,,
573,591.0,5.5,Hòa Minh 23,574,,,
574,592.0,,Hòa Minh 3,575,2.0,5.0,5.5
575,593.0,,Hòa Minh 4,576,2.0,5.0,5.5
576,594.0,,Hòa Minh 5,577,2.0,5.0,5.5
577,595.0,,Hòa Minh 6,578,,,
578,596.0,,Hòa Minh 7,579,2.0,5.0,6.0
579,597.0,,Hòa Minh 8,580,2.0,5.0,5.5
580,598.0,,Hòa Minh 9,581,,,
581,599.0,5.5,Hòa Mỹ 1,582,,,
582,600.0,3.75,Hòa Mỹ 2,583,2.0,5.0,3.75
583,601.0,3.75,Hòa Mỹ 3,584,,,
584,603.0,3.75,Hòa Mỹ 4,585,,,
585,604.0,5.5,Hòa Nam 1,586,,,
586,605.0,5.5,Hòa Nam 2,587,2.0,5.0,5.5
587,606.0,5.5,Hòa Nam 3,588,,,
588,607.0,5.5,Hòa Nam 4,589,,,
589,608.0,7.5,Hòa Nam 5,590,,,
590,610.0,7.5,Hòa Nam 6,591,,,
591,611.0,3.5,Hóa Sơn 1,592,1.0,28.0,3.5
592,612.0,3.5,Hóa Sơn 2,593,1.0,28.0,3.5
593,613.0,5.5,Hóa Sơn 3,594,1.0,28.0,5.5
594,614.0,3.5,Hóa Sơn 4,595,1.0,28.0,3.5
595,615.0,3.5,Hóa Sơn 5,596,,,
596,616.0,3.5,Hóa Sơn 6,597,1.0,28.0,3.5
597,617.0,7.5,Hoài Thanh ,598,,,
598,618.0,3.0,Hoài Thanh (nối dài),599,,,
599,619.0,7.5,Hoàng Bật Đạt,600,6.0,39.0,7.5
600,620.0,7.5,Hoàng Bích Sơn,601,5.0,33.0,7.5
601,621.0,7.5,Hoàng Bình Chính,602,6.0,39.0,7.5
602,622.0,5.5,Hoàng Công Chất,603,6.0,37.0,5.5
603,623.0,7.5,Hoàng Châu Ký,604,4.0,45.0,7.5
604,624.0,10.5,Hoàng Diệu,605,1.0,23.0,10.5
605,625.0,7.5,Hoàng Dư Khương,606,4.0,40.0,7.5
606,626.0,5.5,Hoàng Đạo Thúy,607,4.0,44.0,5.5
607,629.0,7.5,Hoàng Đình Ái,608,4.0,45.0,7.5
608,630.0,21.0,Hoàng Đức Lương,609,5.0,32.0,21.0
609,631.0,8.5,Hoàng Hoa Thám,610,3.0,10.0,8.5
610,632.0,7.5,Hoàng Kế Viêm,611,6.0,36.0,7.5
611,633.0,5.5,Hoàng Minh Giám,612,4.0,45.0,5.5
612,634.0,10.5,"Hoàng Minh Thảo
",613,,,
613,635.0,7.5,Hoàng Ngân,614,4.0,45.0,7.5
614,636.0,,Hoàng Ngọc Phách,615,4.0,40.0,5.5
615,637.0,7.5,Hoàng Quốc Việt,616,5.0,32.0,7.5
616,638.0,10.5,Hoàng Sa,617,6.0,39.0,10.5
617,639.0,5.5,Hoàng Sâm,618,4.0,45.0,5.5
618,640.0,7.5,Hoàng Sĩ Khải,619,5.0,32.0,7.5
619,641.0,10.5,Hoàng Tăng Bí,620,4.0,42.0,10.5
620,642.0,3.5,Hoàng Tích Trí,621,,,
621,643.0,7.5,Hoàng Thị Ái,622,4.0,45.0,7.5
622,644.0,5.5,Hoàng Thiều Hoa,623,6.0,39.0,5.5
623,645.0,5.5,Hoàng Thúc Trâm,624,1.0,27.0,5.5
624,646.0,7.5,Hoàng Trọng Mậu,625,,,
625,647.0,7.5,Hoàng Văn Hoè,626,,,
626,648.0,7.5,Hoàng Văn Hòe,627,6.0,37.0,7.5
627,649.0,7.5,Hoàng Văn Lai,628,,,
628,650.0,7.0,Hoàng Văn Thái,629,2.0,4.0,7.0
629,651.0,9.0,Hoàng Văn Thụ,630,1.0,21.0,9.0
630,652.0,5.5,Hoàng Việt,631,,,
631,653.0,,Hoàng Xuân Hãn,632,4.0,40.0,10.0
632,654.0,7.5,Hồ Bá Ôn,633,2.0,5.0,7.5
633,655.0,5.5,Hồ Biểu Chánh,634,1.0,28.0,5.5
634,656.0,,Hồ Đắc Di,635,,,
635,657.0,7.7,Hồ Học Lãm,636,,,
636,658.0,5.5,Hồ Huân Nghiệp,637,6.0,36.0,5.5
637,659.0,15.0,Hồ Nghinh,638,5.0,32.0,15.0
638,660.0,7.5,Hồ Nguyên Trừng,639,1.0,28.0,7.5
639,661.0,10.5,Hồ Qúy Ly,640,,,
640,662.0,5.5,Hồ Sĩ Phấn,641,5.0,30.0,5.5
641,663.0,7.5,Hồ Sĩ Tân,642,5.0,30.0,7.5
642,664.0,7.5,Hồ Sỹ Dương,643,4.0,44.0,7.5
643,666.0,5.5,Hồ Sỹ Đống,644,,,
644,667.0,5.5,Hồ Tông Thốc,645,1.0,27.0,5.5
645,668.0,10.5,Hồ Tùng Mậu,646,2.0,5.0,10.5
646,669.0,10.5,Hồ Tương,647,,,
647,670.0,7.5,Hồ Thấu,648,5.0,31.0,7.5
648,671.0,24.0,Hồ Xuân Hương,649,6.0,36.0,24.0
649,672.0,5.5,Hồng Thái,650,,,
650,673.0,10.5,Hùng Vương,651,3.0,12.0,10.5
651,674.0,5.5,Huy Cận,652,1.0,28.0,5.5
652,676.0,8.0,Huyền Trân Công Chúa,653,6.0,39.0,8.0
653,677.0,6.0,Huỳnh Bá Chánh,654,6.0,39.0,6.0
654,679.0,3.75,Huỳnh Lý,655,1.0,17.0,3.75
655,680.0,5.5,Huỳnh Mẫn Đạt,656,1.0,27.0,5.5
656,681.0,7.5,Huỳnh Ngọc Đủ,657,4.0,45.0,7.5
657,683.0,10.5,Huỳnh Ngọc Huệ,658,3.0,15.0,10.5
658,685.0,10.5,Huỳnh Tấn Phát ,659,,,
659,686.0,7.5,Huỳnh Thị Bảo Hòa,660,2.0,4.0,7.5
660,687.0,5.5,Huỳnh Thị Một,661,6.0,39.0,5.5
661,688.0,6.0,Huỳnh Thúc Kháng ,662,,,
662,689.0,5.5,Huỳnh Văn Đảnh,663,,,
663,691.0,7.5,Huỳnh Xuân Nhị,664,4.0,45.0,7.5
664,693.0,5.5,Hưng Hóa 1,665,1.0,28.0,5.5
665,695.0,,Hưng Hóa 2,666,,,
666,697.0,,Hưng Hóa 3,667,,,
667,699.0,,Hưng Hóa 4,668,1.0,28.0,5.0
668,700.0,7.5,Hương Hải Thiền Sư,669,5.0,32.0,7.5
669,701.0,8.0,K20,670,6.0,37.0,8.0
670,702.0,7.5,Kiều Oánh Mậu,671,2.0,5.0,7.5
671,703.0,5.5,Kiều Phụng,672,4.0,45.0,5.5
672,704.0,7.5,Kim Đồng.,673,,,
673,705.0,7.5,Kim Liên 1,674,,,
674,706.0,5.5,Kim Liên 2,675,2.0,3.0,5.5
675,707.0,5.5,Kim Liên 3,676,,,
676,708.0,15.0,Kinh Dương Vương,677,2.0,5.0,15.0
677,709.0,7.5,Kỳ Đồng,678,3.0,8.0,7.5
678,710.0,5.5,Khái Đông 1,679,,,
679,711.0,5.5,Khái Đông 2,680,,,
680,712.0,5.5,Khái Đông 3,681,6.0,39.0,5.5
681,713.0,5.5,Khe Sanh,682,,,
682,714.0,11.5,Khúc Hạo,683,5.0,30.0,11.5
683,715.0,7.5,Khuê Đông,684,6.0,37.0,7.5
684,716.0,,Khuê Mỹ Đông 1,685,6.0,37.0,7.5
685,717.0,,Khuê Mỹ Đông 2,686,,,
686,718.0,,Khuê Mỹ Đông 3,687,6.0,37.0,11.0
687,719.0,5.5,Khuê Mỹ Đông 4,688,6.0,37.0,5.5
688,720.0,7.5,Lã Xuân Oai,689,,,
689,721.0,,Lạc Long Quân,690,2.0,3.0,10.0
690,722.0,7.5,Lâm Huỳnh,691,,,
691,723.0,5.5,Lâm Quang Thự,692,2.0,5.0,5.5
692,725.0,5.5,Lê Anh Xuân,693,1.0,28.0,5.5
693,726.0,7.5,Lê Bá Trinh,694,1.0,27.0,7.5
694,727.0,7.0,Lê Bá Trinh(cũ),695,,,
695,728.0,7.5,Lê Bình,696,,,
696,729.0,5.0,Lê Bôi,697,5.0,32.0,5.0
697,730.0,5.5,Lê Cảnh Tuân,698,5.0,30.0,5.5
698,731.0,5.5,Lê Cao Lãng,699,4.0,44.0,5.5
699,732.0,7.5,Lê Công Kiều,700,,,
700,733.0,3.5,Lê Cơ,701,1.0,27.0,3.5
701,734.0,3.5,Lê Cơ (nối dài),702,,,
702,737.0,7.5,Lê Chân,703,5.0,30.0,7.5
703,738.0,7.5,Lê Doãn Nhạ,704,2.0,4.0,7.5
704,739.0,16.0,Lê Duẩn,705,1.0,26.0,16.0
705,740.0,7.5,Lê Duy Lương,706,4.0,41.0,7.5
706,741.0,5.5,Lê Đại ,707,,,
707,742.0,21.0,Lê Đại Hành,708,4.0,41.0,21.0
708,743.0,5.5,Lê Đỉnh,709,4.0,45.0,5.5
709,744.0,7.5,Lê Đình Chinh,710,6.0,38.0,7.5
710,746.0,5.5,Lê Đình Diên,711,,,
711,747.0,9.0,Lê Đình Dương,712,1.0,20.0,9.0
712,748.0,8.0,Lê Đình Lý,713,1.0,23.0,8.0
713,749.0,15.0,Lê Đình Lý(nối dài),714,,,
714,750.0,8.0,Lê Đình Thám,715,1.0,23.0,8.0
715,751.0,10.5,Lê Độ,716,3.0,10.0,10.5
716,752.0,,Lê Đức Thọ,717,5.0,30.0,6.0
717,753.0,7.5,Lê Hồng Phong,718,1.0,21.0,7.5
718,754.0,5.5,Lê Hữu Kiều,719,,,
719,755.0,7.5,Lê Hữu Khánh,720,6.0,37.0,7.5
720,756.0,6.0,Lê Hữu Trác,721,5.0,32.0,6.0
721,757.0,7.5,Lê Hy,722,,,
722,758.0,7.5,Lê Hy Cát,723,6.0,37.0,7.5
723,759.0,5.5,Lê Khắc Cần,724,1.0,17.0,5.5
724,760.0,5.5,Lê Lâm,725,5.0,33.0,5.5
725,761.0,5.5,Lê Lộ,726,6.0,36.0,5.5
726,762.0,5.5,Lê Ninh,727,5.0,32.0,5.5
727,764.0,5.5,Lê Phụ Trần,728,5.0,30.0,5.5
728,765.0,5.5,Lê Phụ Trần 2,729,,,
729,767.0,7.5,Lê Phụng Hiểu,730,5.0,32.0,7.5
730,768.0,8.0,Lê Qúy Đôn,731,,,
731,769.0,10.5,Lê Quảng Ba,732,4.0,45.0,10.5
732,770.0,7.5,Lê Quang Đạo,733,6.0,36.0,7.5
733,771.0,5.5,Lê Quang Định,734,4.0,45.0,5.5
734,772.0,8.0,Lê Quang Sung,735,3.0,11.0,8.0
735,773.0,7.5,Lê Quát,736,,,
736,774.0,7.5,Lê Sát,737,1.0,28.0,7.5
737,775.0,7.5,Lê Tấn Toán,738,5.0,33.0,7.5
738,777.0,10.5,Lê Tấn Trung,739,5.0,29.0,10.5
739,778.0,7.5,Lê Tự Thống Nhất,740,,,
740,780.0,10.5,Lê Thạch,741,4.0,42.0,10.5
741,782.0,,Lê Thanh Nghị,742,1.0,27.0,10.0
742,783.0,7.5,Lê Thành Phương,743,,,
743,784.0,7.0,Lê Thánh Tông,744,,,
744,785.0,5.5,Lê Thận,745,4.0,45.0,5.5
745,786.0,5.5,Lê Thị Riêng,746,6.0,39.0,5.5
746,787.0,5.5,Lê Thị Tính,747,3.0,14.0,5.5
747,788.0,4.5,Lê Thị Xuyến,748,3.0,11.0,4.5
748,789.0,5.5,Lê Thiện Trị,749,,,
749,791.0,5.5,Lê Thiệt,750,2.0,5.0,5.5
750,792.0,7.5,Lê Thuyết Hùng,751,,,
751,793.0,5.5,Lê Thước,752,5.0,33.0,5.5
752,794.0,7.0,Lê Trọng Tấn,753,4.0,41.0,7.0
753,796.0,5.5,Lê Trung Đình,754,6.0,39.0,5.5
754,797.0,,Lê Văn An,755,,,
755,798.0,6.0,Lê Văn Duyệt,756,5.0,30.0,6.0
756,799.0,15.0,Lê Văn Duyệt ,757,,,
757,800.0,4.0,Lê Văn Đức,758,1.0,28.0,4.0
758,801.0,30.0,Lê Văn Hiến,759,6.0,37.0,30.0
759,802.0,,Lê Văn Huân,760,5.0,29.0,5.5
760,803.0,10.5,Lê Văn Hưu,761,6.0,36.0,10.5
761,804.0,,Lê Văn Linh,762,,,
762,805.0,3.8,Lê Văn Long,763,1.0,16.0,3.8
763,806.0,,Lê Văn Lương,764,5.0,29.0,15.0
764,807.0,5.5,Lê Văn Miến,765,2.0,5.0,5.5
765,808.0,7.5,Lê Văn Quý,766,5.0,32.0,7.5
766,809.0,5.5,Lê Văn Sỹ,767,,,
767,811.0,7.5,Lê Văn Tâm,768,6.0,37.0,7.5
768,812.0,5.5,Lê Văn Thiêm,769,5.0,32.0,5.5
769,813.0,5.5,Lê Văn Thịnh,770,2.0,5.0,5.5
770,814.0,7.5,Lê Văn Thủ,771,6.0,37.0,7.5
771,815.0,6.0,Lê Văn Thứ,772,5.0,31.0,6.0
772,816.0,5.0,Lê Vĩnh Huy,773,1.0,27.0,5.0
773,817.0,7.5,Lê Vĩnh Khanh,774,,,
774,818.0,7.5,Liêm Lạc 1,775,,,
775,819.0,5.5,Liêm Lạc 10,776,4.0,45.0,5.5
776,820.0,5.5,Liêm Lạc 11,777,,,
777,821.0,5.5,Liêm Lạc 2,778,4.0,45.0,5.5
778,822.0,5.5,Liêm Lạc 3,779,4.0,45.0,5.5
779,823.0,5.5,Liêm Lạc 4,780,4.0,45.0,5.5
780,824.0,5.5,Liêm Lạc 5,781,,,
781,825.0,5.5,Liêm Lạc 6,782,4.0,45.0,5.5
782,826.0,5.5,Liêm Lạc 7,783,,,
783,827.0,5.5,Liêm Lạc 8,784,,,
784,828.0,5.5,Liêm Lạc 9,785,,,
785,829.0,5.5,Lỗ Giáng 1,786,4.0,45.0,5.5
786,830.0,5.5,Lỗ Giáng 10,787,,,
787,832.0,5.5,Lỗ Giáng 11,788,,,
788,833.0,5.5,Lỗ Giáng 15,789,4.0,45.0,5.5
789,834.0,5.5,Lỗ Giáng 16,790,,,
790,835.0,5.5,Lỗ Giáng 17,791,,,
791,836.0,5.5,Lỗ Giáng 18,792,4.0,45.0,5.5
792,837.0,5.5,Lỗ Giáng 19,793,,,
793,838.0,5.5,Lỗ Giáng 2,794,4.0,45.0,5.5
794,839.0,5.5,Lỗ Giáng 20,795,4.0,45.0,5.5
795,840.0,5.5,Lỗ Giáng 21,796,4.0,45.0,5.5
796,841.0,5.5,Lỗ Giáng 22,797,,,
797,842.0,5.5,Lỗ Giáng 23,798,,,
798,843.0,5.5,Lỗ Giáng 24,799,4.0,45.0,5.5
799,844.0,5.5,Lỗ Giáng 3,800,,,
800,845.0,5.5,Lỗ Giáng 4,801,,,
801,846.0,5.5,Lỗ Giáng 5,802,,,
802,847.0,5.5,Lỗ Giáng 6,803,4.0,45.0,5.5
803,848.0,5.5,Lỗ Giáng 7,804,4.0,45.0,5.5
804,849.0,5.5,Lỗ Giáng 8,805,4.0,45.0,5.5
805,850.0,5.5,Lỗ Giáng 9,806,,,
806,851.0,7.5,Lộc Ninh,807,,,
807,852.0,5.5,Lộc Phước 1,808,,,
808,853.0,7.5,Lư Giang,809,4.0,45.0,7.5
809,854.0,7.5,Lương Đắc Bằng,810,,,
810,855.0,,Lương Định Của,811,4.0,40.0,10.0
811,856.0,5.5,Lương Hữu Khánh,812,5.0,29.0,5.5
812,857.0,5.5,Lương Khánh Thiện ,813,,,
813,858.0,7.5,Lương Ngọc Quyến,814,1.0,17.0,7.5
814,859.0,7.5,Lương Nhữ Hộc,815,4.0,40.0,7.5
815,860.0,8.0,Lương Thế Vinh,816,5.0,35.0,8.0
816,861.0,5.5,Lương Thúc Kỳ,817,6.0,39.0,5.5
817,862.0,7.5,Lương Văn Can,818,4.0,40.0,7.5
818,863.0,5.5,Lưu Hữu Phước,819,5.0,32.0,5.5
819,864.0,5.5,Lưu Nhân Chú,820,4.0,40.0,5.5
820,865.0,7.5,Lưu Quang Thuận,821,6.0,36.0,7.5
821,866.0,6.0,Lưu Quang Vũ,822,6.0,38.0,6.0
822,867.0,5.5,Lưu Quý Kỳ,823,1.0,27.0,5.5
823,868.0,5.5,Lưu Trọng Lư,824,1.0,28.0,5.5
824,869.0,7.5,Lưu Văn Lang,825,6.0,39.0,7.5
825,870.0,7.5,Lý Chính Thắng ,826,,,
826,871.0,7.5,Lý Đạo Thành,827,5.0,31.0,7.5
827,872.0,5.0,Lý Nam Đế,828,5.0,30.0,5.0
828,873.0,,Lý Nhật Quang,829,5.0,30.0,10.0
829,874.0,,Lý Tử Tấn,830,5.0,31.0,7.5
830,875.0,9.0,Lý Tự Trọng,831,1.0,20.0,9.0
831,876.0,9.5,Lý Thái Tổ,832,3.0,13.0,9.5
832,877.0,15.0,Lý Thái Tông,833,3.0,7.0,15.0
833,878.0,7.5,Lý Thánh Tông,834,5.0,33.0,7.5
834,879.0,5.5,Lý Thiên Bảo,835,4.0,40.0,5.5
835,880.0,10.5,Lý Thường Kiệt,836,1.0,18.0,10.5
836,881.0,8.0,Lý Triện,837,3.0,14.0,8.0
837,882.0,5.5,Lý Văn Phức,838,6.0,39.0,5.5
838,884.0,7.5,Lý Văn Tố,839,5.0,32.0,7.5
839,885.0,7.5,Mạc Cửu,840,6.0,36.0,7.5
840,886.0,5.0,Mạc Đĩnh Chi,841,,,
841,887.0,5.5,Mạc Thị Bưởi,842,1.0,28.0,5.5
842,888.0,7.5,Mạc Thiên Tứ,843,,,
843,889.0,8.0,Mai Am,844,1.0,17.0,8.0
844,890.0,7.5,Mai Anh Tuấn,845,4.0,45.0,7.5
845,891.0,5.0,Mai Dị (cũ),846,,,
846,892.0,,Mai Dị (nối dài),847,,,
847,893.0,6.0,Mai Đăng Chơn,848,6.0,38.0,6.0
848,894.0,10.5,Mai Hắc Đế,849,5.0,32.0,10.5
849,895.0,6.0,Mai Lão Bạng,850,,,
850,896.0,7.5,Mai Văn Ngọc,851,2.0,2.0,7.5
851,897.0,6.0,Mai Xuân Thưởng,852,3.0,15.0,6.0
852,898.0,7.5,Man Thiện,853,1.0,22.0,7.5
853,900.0,5.5,Mân Quang 1,854,5.0,31.0,5.5
854,901.0,,Mân Quang 10,855,,,
855,902.0,5.5,Mân Quang 2,856,,,
856,903.0,5.5,Mân Quang 2 ,857,,,
857,904.0,5.5,Mân Quang 3,858,,,
858,905.0,5.5,Mân Quang 3 ,859,,,
859,907.0,5.5,Mân Quang 4,860,5.0,29.0,5.5
860,909.0,7.5,Mân Quang 5,861,5.0,30.0,7.5
861,910.0,3.75,Mân Quang 6,862,5.0,29.0,3.75
862,911.0,3.75,Mân Quang 7,863,5.0,29.0,3.75
863,912.0,7.5,Mân Quang 8,864,5.0,31.0,7.5
864,913.0,,Mân Quang 9,865,5.0,29.0,7.0
865,914.0,5.5,Mẹ Hiền,866,3.0,7.0,5.5
866,915.0,6.0,Mẹ Nhu,867,3.0,7.0,6.0
867,916.0,15.0,Minh Mạng,868,6.0,38.0,15.0
868,918.0,5.5,Mộc Bài 1,869,,,
869,920.0,5.5,Mộc Bài 2,870,,,
870,922.0,5.5,Mộc Bài 3,871,,,
871,924.0,5.5,Mộc Bài 4,872,,,
872,925.0,7.5,Mộc Bài 5,873,,,
873,926.0,5.5,Mộc Bài 6,874,,,
874,927.0,5.5,Mộc Sơn 1,875,,,
875,928.0,5.5,Mộc Sơn 2,876,6.0,39.0,5.5
876,929.0,7.5,Mộc Sơn 3,877,6.0,39.0,7.5
877,930.0,7.5,Mộc Sơn 4,878,,,
878,932.0,5.5,Mỹ An 1,879,6.0,36.0,5.5
879,933.0,5.5,Mỹ An 10,880,,,
880,934.0,5.5,Mỹ An 10 ,881,,,
881,936.0,5.5,Mỹ An 11,882,,,
882,938.0,5.5,Mỹ An 12,883,6.0,36.0,5.5
883,940.0,5.5,Mỹ An 14,884,,,
884,942.0,5.5,Mỹ An 15,885,,,
885,944.0,5.5,Mỹ An 16,886,,,
886,946.0,7.5,Mỹ An 17,887,6.0,36.0,7.5
887,948.0,5.5,Mỹ An 18,888,6.0,36.0,5.5
888,950.0,3.5,Mỹ An 19,889,,,
889,952.0,5.5,Mỹ An 2,890,6.0,36.0,5.5
890,954.0,5.5,Mỹ An 20,891,6.0,36.0,5.5
891,956.0,5.5,Mỹ An 21,892,,,
892,958.0,5.5,Mỹ An 22,893,,,
893,960.0,5.5,Mỹ An 23,894,6.0,36.0,5.5
894,962.0,5.5,Mỹ An 24,895,6.0,36.0,5.5
895,964.0,7.5,Mỹ An 25,896,6.0,36.0,7.5
896,966.0,5.5,Mỹ An 3,897,6.0,36.0,5.5
897,968.0,5.5,Mỹ An 4,898,6.0,36.0,5.5
898,970.0,5.5,Mỹ An 5,899,,,
899,972.0,5.5,Mỹ An 6,900,,,
900,974.0,5.5,Mỹ An 7,901,6.0,36.0,5.5
901,976.0,5.5,Mỹ An 8,902,,,
902,978.0,5.5,Mỹ An 9,903,,,
903,979.0,,Mỹ Đa Đông 1,904,6.0,37.0,7.5
904,980.0,,Mỹ Đa Đông 2,905,,,
905,981.0,,Mỹ Đa Đông 3,906,6.0,36.0,7.5
906,982.0,3.5,Mỹ Đa Đông 4,907,,,
907,983.0,3.5,Mỹ Đa Đông 5,908,6.0,36.0,3.5
908,984.0,3.5,Mỹ Đa Đông 6,909,,,
909,985.0,4.0,Mỹ Đa Đông 7,910,,,
910,986.0,4.0,Mỹ Đa Đông 8,911,6.0,36.0,4.0
911,987.0,7.5,Mỹ Đa Tây 1,912,6.0,37.0,7.5
912,988.0,7.5,Mỹ Đa Tây 2,913,6.0,37.0,7.5
913,989.0,7.5,Mỹ Đa Tây 3,914,6.0,37.0,7.5
914,990.0,7.5,Mỹ Đa Tây 4,915,,,
915,991.0,7.5,Mỹ Đa Tây 5,916,6.0,37.0,7.5
916,992.0,7.5,Mỹ Đa Tây 6,917,,,
917,993.0,7.5,Mỹ Đa Tây 7,918,6.0,37.0,7.5
918,994.0,7.5,Mỹ Đa Tây 8,919,6.0,37.0,7.5
919,995.0,5.5,Mỹ Đa Tây 9,920,6.0,36.0,5.5
920,996.0,5.5,Mỹ Thị 1,921,,,
921,997.0,5.5,Mỹ Thị 2,922,,,
922,998.0,5.5,Mỹ Thị 3,923,,,
923,999.0,5.5,Mỹ Thị 4,924,,,
924,1000.0,5.5,Nại Hiên Đông 11,925,5.0,30.0,5.5
925,1001.0,5.5,Nại Hiên Đông 12,926,5.0,30.0,5.5
926,1002.0,5.5,Nại Hiên Đông 14,927,5.0,30.0,5.5
927,1003.0,5.5,Nại Hiên Đông 15,928,,,
928,1004.0,5.5,Nại Hiên Đông 16,929,5.0,30.0,5.5
929,1005.0,5.5,Nại Hiên Đông 17,930,,,
930,1006.0,5.5,Nại Hiên Đông 18,931,5.0,30.0,5.5
931,1007.0,7.5,Nại Nam,932,1.0,28.0,7.5
932,1008.0,3.75,Nại Nghĩa 1,933,5.0,30.0,3.75
933,1009.0,3.75,Nại Nghĩa 2,934,5.0,30.0,3.75
934,1010.0,3.75,Nại Nghĩa 3,935,5.0,30.0,3.75
935,1011.0,3.75,Nại Nghĩa 4,936,5.0,30.0,3.75
936,1012.0,3.75,Nại Nghĩa 5,937,5.0,32.0,3.75
937,1013.0,3.75,Nại Nghĩa 6,938,5.0,30.0,3.75
938,1014.0,3.75,Nại Nghĩa 7,939,5.0,30.0,3.75
939,1015.0,3.75,Nại Tú 1,940,5.0,30.0,3.75
940,1016.0,7.5,Nại Tú 2,941,,,
941,1017.0,5.5,Nại Tú 3,942,,,
942,1018.0,7.5,Nại Tú 4,943,,,
943,1019.0,5.5,Nam Sơn 4,944,,,
944,1020.0,7.5,Nam Sơn 1,945,1.0,27.0,7.5
945,1021.0,5.5,Nam Sơn 2,946,,,
946,1022.0,5.5,Nam Sơn 3,947,1.0,28.0,5.5
947,1023.0,3.5,Nam Sơn 5,948,,,
948,1024.0,5.5,Nam Thành,949,,,
949,1025.0,5.5,Nam Thọ 1,950,5.0,29.0,5.5
950,1026.0,5.5,Nam Thọ 2,951,5.0,29.0,5.5
951,1027.0,5.5,Nam Thọ 3,952,,,
952,1028.0,5.5,Nam Thọ 4,953,5.0,31.0,5.5
953,1029.0,5.5,Nam Thọ 5,954,5.0,29.0,5.5
954,1030.0,5.5,Nam Thọ 6,955,,,
955,1031.0,15.0,Nam Trân,956,2.0,5.0,15.0
956,1032.0,10.5,Ninh Tốn,957,2.0,3.0,10.5
957,1033.0,7.5,Non Nước,958,6.0,39.0,7.5
958,1034.0,7.5,Norman Morrison,959,,,
959,1035.0,,Norman Morrison (Morrison),960,,,
960,1036.0,5.5,Nơ Trang Lơng,961,,,
961,1037.0,7.0,Núi Thành,962,1.0,27.0,7.0
962,1039.0,10.5,Nghiêm Xuân Yêm,963,6.0,37.0,10.5
963,1040.0,5.5,Ngọc Hân,964,5.0,34.0,5.5
964,1041.0,5.5,Ngọc Hồi,965,2.0,5.0,5.5
965,1042.0,,Ngô Cao Lãng,966,5.0,29.0,10.0
966,1043.0,6.0,Ngô Chân Lưu,967,2.0,5.0,6.0
967,1044.0,5.0,Ngô Chi Lan,968,1.0,17.0,5.0
968,1045.0,5.5,Ngô Đức kế,969,3.0,7.0,5.5
969,1046.0,5.5,Ngô Gia Khảm,970,3.0,9.0,5.5
970,1047.0,8.0,Ngô Gia Tự,971,1.0,19.0,8.0
971,1048.0,5.5,Ngô Mây,972,4.0,45.0,5.5
972,1050.0,7.5,Ngô Quang Huy,973,5.0,33.0,7.5
973,1051.0,48.0,Ngô Quyền,974,5.0,32.0,48.0
974,1052.0,5.0,Ngô Sỹ Liên,975,,,
975,1053.0,7.5,Ngô Thế Lân,976,4.0,42.0,7.5
976,1054.0,5.5,Ngô Thế Vinh,977,1.0,22.0,5.5
977,1055.0,10.5,Ngô Thì Hiệu,978,5.0,30.0,10.5
978,1056.0,7.5,Ngô Thì Hương,979,5.0,30.0,7.5
979,1057.0,5.5,Ngô Thị Liễu,980,1.0,27.0,5.5
980,1059.0,10.0,Ngô Thì Nhậm,981,2.0,3.0,10.0
981,1060.0,7.5,Ngô Thị Sỹ,982,,,
982,1061.0,5.5,Ngô Thì Trí,983,5.0,30.0,5.5
983,1062.0,10.5,Ngô Văn Sở,984,2.0,4.0,10.5
984,1063.0,,Ngô Viết Hữu,985,,,
985,1064.0,6.0,Ngô Xuân Thu,986,2.0,1.0,6.0
986,1065.0,24.0,Ngũ Hành Sơn,987,6.0,36.0,24.0
987,1066.0,10.5,Nguyễn An Ninh,988,,,
988,1067.0,5.5,Nguyễn Bá Học,989,1.0,26.0,5.5
989,1068.0,,Nguyễn Bá Lân,990,6.0,36.0,7.5
990,1069.0,5.5,Nguyễn Bá Ngọc,991,6.0,39.0,5.5
991,1070.0,6.0,Nguyễn Bá Phát,992,,,
992,1071.0,,Nguyễn Bảo,993,4.0,45.0,5.5
993,1072.0,5.5,Nguyễn Biểu,994,3.0,15.0,5.5
994,1073.0,7.5,Nguyễn Bình,995,,,
995,1074.0,4.0,Nguyễn Bỉnh Khiêm,996,5.0,34.0,4.0
996,1075.0,5.5,Nguyễn Cảnh Chân,997,,,
997,1076.0,5.5,Nguyễn Cảnh Dị,998,,,
998,1077.0,5.5,Nguyễn Cao,999,3.0,8.0,5.5
999,1078.0,5.5,Nguyễn Cao Luyện,1000,5.0,33.0,5.5
1000,1079.0,,Nguyễn Công Hãng,1001,3.0,14.0,10.0
1001,1080.0,5.0,Nguyễn Công Hoan,1002,4.0,42.0,5.0
1002,1081.0,5.5,Nguyễn Công Sáu,1003,,,
1003,1082.0,9.0,Nguyễn Công Trứ,1004,5.0,33.0,9.0
1004,1084.0,7.5,Nguyễn Cơ Thạch,1005,6.0,39.0,7.5
1005,1085.0,6.0,Nguyễn Chánh,1006,2.0,5.0,6.0
1006,1086.0,5.5,Nguyễn Chế Nghĩa,1007,5.0,29.0,5.5
1007,1087.0,7.5,Nguyễn Chí Diễu,1008,5.0,32.0,7.5
1008,1088.0,14.0,Nguyễn Chí Thanh,1009,1.0,19.0,14.0
1009,1089.0,5.5,Nguyễn Chích,1010,2.0,5.0,5.5
1010,1090.0,5.5,Nguyễn Chu Sĩ,1011,2.0,2.0,5.5
1011,1092.0,10.0,Nguyễn Chu Sỹ,1012,,,
1012,1093.0,10.5,Nguyễn Du,1013,1.0,18.0,10.5
1013,1094.0,7.5,Nguyễn Dục,1014,6.0,39.0,7.5
1014,1096.0,,Nguyễn Duy,1015,4.0,40.0,5.5
1015,1097.0,5.5,Nguyễn Duy Cung,1016,6.0,39.0,5.5
1016,1098.0,6.0,Nguyễn Duy Hiệu,1017,5.0,35.0,6.0
1017,1099.0,7.0,Nguyễn Duy Trinh,1018,6.0,39.0,7.0
1018,1101.0,5.5,Nguyễn Dữ,1019,4.0,40.0,5.5
1019,1103.0,,Nguyễn Đăng,1020,,,
1020,1104.0,5.5,Nguyễn Đăng Đạo,1021,4.0,40.0,5.5
1021,1105.0,,Nguyễn Đăng Giai,1022,5.0,29.0,10.0
1022,1106.0,5.5,Nguyễn Đình Chiểu,1023,6.0,37.0,5.5
1023,1107.0,7.5,Nguyễn Đình Hiến,1024,6.0,39.0,7.5
1024,1109.0,10.5,Nguyễn Đình Tứ,1025,4.0,42.0,10.5
1025,1110.0,10.5,Nguyễn Đình Tựu,1026,3.0,14.0,10.5
1026,1111.0,7.5,Nguyễn Đình Trân,1027,,,
1027,1112.0,10.5,Nguyễn Đình Trọng ,1028,,,
1028,1113.0,10.5,Nguyễn Đình Trọng (nối dài),1029,,,
1029,1115.0,7.5,Nguyễn Đóa,1030,4.0,45.0,7.5
1030,1116.0,7.5,Nguyễn Đỗ Cung,1031,2.0,5.0,7.5
1031,1117.0,,Nguyễn Đỗ Mục,1032,,,
1032,1118.0,7.5,Nguyễn Đôn Triết,1033,,,
1033,1119.0,5.5,Nguyễn Đức An,1034,5.0,33.0,5.5
1034,1120.0,5.5,Nguyễn Đức Cảnh,1035,1.0,17.0,5.5
1035,1121.0,5.5,Nguyễn Đức Thiệu,1036,4.0,44.0,5.5
1036,1122.0,15.0,Nguyễn Đức Thuận,1037,6.0,37.0,15.0
1037,1124.0,10.5,Nguyễn Đức Trung,1038,3.0,8.0,10.5
1038,1125.0,4.0,Nguyễn Gia Thiều,1039,,,
1039,1126.0,6.0,Nguyễn Gia Trí,1040,,,
1040,1127.0,,Nguyễn Giản Thanh,1041,3.0,15.0,5.5
1041,1128.0,5.5,Nguyễn Giản Thanh 2,1042,,,
1042,1129.0,5.5,Nguyễn Hàng,1043,4.0,44.0,5.5
1043,1131.0,5.5,Nguyễn Hàng Chi,1044,2.0,2.0,5.5
1044,1132.0,9.5,Nguyễn Hanh,1045,,,
1045,1133.0,5.5,Nguyễn Hành,1046,4.0,40.0,5.5
1046,1134.0,6.0,Nguyễn Hoàng,1047,1.0,24.0,6.0
1047,1135.0,,Nguyên Hồng,1048,3.0,15.0,5.5
1048,1136.0,,Nguyễn Hồng,1049,,,
1049,1137.0,7.5,Nguyễn Huy Chương,1050,5.0,29.0,7.5
1050,1138.0,5.5,Nguyễn Huy Lượng,1051,3.0,7.0,5.5
1051,1139.0,5.5,Nguyễn Huy Oánh,1052,,,
1052,1140.0,5.5,Nguyễn Huy Tự,1053,2.0,5.0,5.5
1053,1141.0,6.0,Nguyễn Huy Tưởng,1054,2.0,5.0,6.0
1054,1142.0,7.5,Nguyễn Hữu An,1055,5.0,30.0,7.5
1055,1143.0,5.5,Nguyễn Hữu Cảnh,1056,,,
1056,1144.0,10.5,Nguyễn Hữu Dật,1057,1.0,27.0,10.5
1057,1145.0,10.5,Nguyễn Hữu Đức,1058,,,
1058,1146.0,10.5,Nguyễn Hữu Tiến,1059,4.0,44.0,10.5
1059,1147.0,34.0,Nguyễn Hữu Thọ,1060,1.0,22.0,34.0
1060,1148.0,5.5,Nguyễn Hữu Thông,1061,5.0,33.0,5.5
1061,1149.0,7.5,Nguyễn Kiều,1062,2.0,3.0,7.5
1062,1150.0,,Nguyễn Khang,1063,3.0,14.0,5.5
1063,1151.0,7.5,Nguyễn Khắc Cần,1064,,,
1064,1152.0,5.5,Nguyễn Khắc Nhu,1065,,,
1065,1155.0,15.0,Nguyễn Khắc Viện,1066,6.0,37.0,15.0
1066,1156.0,,Nguyễn Khoa Chiêm,1067,4.0,40.0,5.5
1067,1157.0,7.5,Nguyễn Khoái,1068,1.0,27.0,7.5
1068,1158.0,5.0,Nguyễn Khuyến,1069,2.0,5.0,5.0
1069,1159.0,5.5,Nguyễn Lai,1070,4.0,40.0,5.5
1070,1160.0,,Nguyễn Lâm,1071,5.0,29.0,7.5
1071,1161.0,7.5,Nguyễn Lộ Trạch,1072,1.0,27.0,7.5
1072,1162.0,7.5,Nguyễn Lộ Trạch (nối dài),1073,,,
1073,1163.0,7.5,Nguyễn Lữ,1074,6.0,37.0,7.5
1074,1164.0,24.0,Nguyễn Lương Bằng,1075,2.0,3.0,24.0
1075,1165.0,5.5,Nguyễn Lý,1076,4.0,45.0,5.5
1076,1166.0,7.5,Nguyễn Minh Chấn,1077,,,
1077,1167.0,7.5,Nguyễn Minh Châu,1078,6.0,39.0,7.5
1078,1168.0,5.5,Nguyễn Minh Không,1079,2.0,5.0,5.5
1079,1169.0,7.5,Nguyễn Nghiêm,1080,3.0,15.0,7.5
1080,1170.0,5.5,Nguyễn Nghiễm,1081,6.0,39.0,5.5
1081,1171.0,5.5,Nguyễn Nhàn,1082,4.0,44.0,5.5
1082,1172.0,5.5,Nguyễn Nho Túy,1083,4.0,40.0,5.5
1083,1173.0,6.0,Nguyễn Như Hạnh,1084,2.0,5.0,6.0
1084,1174.0,5.5,Nguyễn Phạm Tuân,1085,6.0,39.0,5.5
1085,1175.0,7.5,Nguyễn Phan Chánh,1086,6.0,39.0,7.5
1086,1176.0,5.0,Nguyễn Phan Vinh,1087,5.0,29.0,5.0
1087,1177.0,5.5,Nguyễn Phẩm,1088,,,
1088,1178.0,10.5,Nguyễn Phi Khanh,1089,,,
1089,1179.0,10.5,Nguyễn Phong Sắc,1090,4.0,40.0,10.5
1090,1181.0,7.5,Nguyễn Phú Hường,1091,4.0,43.0,7.5
1091,1182.0,10.5,Nguyễn Phục,1092,,,
1092,1183.0,7.5,Nguyễn Phước Chu,1093,,,
1093,1184.0,8.5,Nguyễn Phước Nguyên,1094,3.0,14.0,8.5
1094,1185.0,15.0,Nguyễn Phước Tần,1095,,,
1095,1186.0,7.5,Nguyễn Phước Thái,1096,3.0,14.0,7.5
1096,1187.0,5.5,Nguyễn Quang Bích,1097,1.0,27.0,5.5
1097,1189.0,7.5,Nguyễn Quang Lâm,1098,4.0,45.0,7.5
1098,1191.0,7.5,Nguyễn Quốc Trị,1099,,,
1099,1192.0,5.5,Nguyễn Quyền,1100,4.0,42.0,5.5
1100,1193.0,10.5,Nguyễn Sáng,1101,5.0,31.0,10.5
1101,1194.0,7.5,Nguyễn Sĩ Cố,1102,5.0,30.0,7.5
1102,1195.0,30.0,Nguyễn Sinh Sắc,1103,2.0,5.0,30.0
1103,1196.0,5.5,Nguyễn Sơn,1104,1.0,28.0,5.5
1104,1197.0,10.5,Nguyễn Sơn Trà,1105,,,
1105,1198.0,5.5,Nguyễn Súy,1106,,,
1106,1199.0,5.5,Nguyễn Tạo,1107,6.0,39.0,5.5
1107,1200.0,48.0,Nguyễn Tất Thành,1108,2.0,2.0,48.0
1108,1201.0,5.5,Nguyễn Tuân,1109,5.0,32.0,5.5
1109,1202.0,,Nguyễn Tuấn Thiện,1110,5.0,29.0,7.5
1110,1203.0,5.5,Nguyễn Tư Giản,1111,6.0,36.0,5.5
1111,1204.0,7.5,Nguyễn Thái Bình,1112,2.0,5.0,7.5
1112,1205.0,7.0,Nguyễn Thái Học (cũ),1113,,,
1113,1206.0,7.0,Nguyễn Thành Hãn,1114,1.0,22.0,7.0
1114,1207.0,5.5,Nguyễn Thanh Năm,1115,3.0,14.0,5.5
1115,1208.0,7.5,Nguyễn Thành Ý,1116,1.0,28.0,7.5
1116,1209.0,10.5,Nguyễn Thần Hiến,1117,6.0,39.0,10.5
1117,1210.0,5.5,Nguyễn Thế Lịch,1118,,,
1118,1211.0,10.5,Nguyễn Thế Lộc,1119,5.0,32.0,10.5
1119,1212.0,5.5,Nguyễn Thi,1120,1.0,28.0,5.5
1120,1213.0,7.5,Nguyễn Thị Ba,1121,5.0,30.0,7.5
1121,1214.0,5.5,Nguyễn Thị Bảy,1122,3.0,7.0,5.5
1122,1215.0,15.0,Nguyễn Thị Định,1123,5.0,32.0,15.0
1123,1216.0,5.5,Nguyễn Thị Hồng,1124,5.0,29.0,5.5
1124,1217.0,8.0,Nguyễn Thị Minh Khai,1125,1.0,18.0,8.0
1125,1218.0,7.5,Nguyễn Thị Thập,1126,3.0,7.0,7.5
1126,1219.0,5.0,Nguyễn Thiện Thuật,1127,1.0,25.0,5.0
1127,1220.0,6.0,Nguyễn Thiếp,1128,5.0,34.0,6.0
1128,1221.0,7.5,Nguyễn Thúy,1129,2.0,5.0,7.5
1129,1222.0,10.5,Nguyễn Thức Đường,1130,6.0,39.0,10.5
1130,1223.0,5.5,Nguyễn Thượng Hiền,1131,4.0,40.0,5.5
1131,1224.0,5.5,Nguyễn Trác,1132,1.0,22.0,5.5
1132,1225.0,5.5,Nguyễn Trác 2,1133,,,
1133,1226.0,5.5,Nguyễn Trọng Nghĩa,1134,5.0,31.0,5.5
1134,1227.0,,Nguyễn Trung Ngạn,1135,4.0,40.0,7.5
1135,1228.0,5.5,Nguyễn Trung Ngạn 2,1136,,,
1136,1229.0,8.0,Nguyễn Trung Trực,1137,5.0,32.0,8.0
1137,1230.0,,Nguyễn Trung Trực (nối dài),1138,,,
1138,1231.0,7.5,Nguyễn Trực,1139,5.0,29.0,7.5
1139,1232.0,,Nguyễn Văn Bổng,1140,4.0,40.0,5.5
1140,1233.0,,Nguyễn Văn Cừ,1141,2.0,1.0,33.0
1141,1234.0,5.5,Nguyễn Văn Giáp,1142,,,
1142,1235.0,5.5,Nguyễn Văn Huề,1143,3.0,7.0,5.5
1143,1236.0,,Nguyễn Văn Huyên,1144,4.0,40.0,7.5
1144,1238.0,7.5,Nguyễn Văn Hưởng,1145,,,
1145,1239.0,16.0,Nguyễn Văn Linh,1146,1.0,21.0,16.0
1146,1240.0,10.5,Nguyễn Văn Nguyễn,1147,6.0,39.0,10.5
1147,1241.0,5.5,Nguyễn Văn Phương,1148,,,
1148,1242.0,4.5,Nguyễn Văn Siêu,1149,5.0,34.0,4.5
1149,1243.0,10.5,Nguyễn Văn Tạo,1150,4.0,42.0,10.5
1150,1244.0,5.5,Nguyễn Văn Tố,1151,,,
1151,1245.0,,Nguyễn Văn Thoại,1152,5.0,35.0,15.0
1152,1246.0,5.5,Nguyễn Văn Thủ,1153,1.0,28.0,5.5
1153,1247.0,7.5,Nguyễn Văn Xuân,1154,,,
1154,1248.0,5.5,Nguyễn Viết Xuân,1155,2.0,5.0,5.5
1155,1249.0,7.5,Nguyễn Xí,1156,2.0,5.0,7.5
1156,1250.0,7.5,Nguyễn Xiển,1157,6.0,37.0,7.5
1157,1251.0,5.5,Nguyễn Xuân Hữu,1158,4.0,44.0,5.5
1158,1252.0,5.5,Nguyễn Xuân Khoát,1159,5.0,32.0,5.5
1159,1253.0,7.5,Nguyễn Xuân Nhĩ,1160,1.0,28.0,7.5
1160,1254.0,5.5,Ngyễn Xuân Ôn,1161,,,
1161,1255.0,5.5,Nhân Hoà 1,1162,,,
1162,1256.0,5.5,Nhân Hoà 2,1163,,,
1163,1257.0,5.5,Nhân Hoà 3,1164,,,
1164,1258.0,5.5,Nhân Hoà 4,1165,,,
1165,1259.0,5.5,Nhân Hoà 5,1166,,,
1166,1260.0,5.5,Nhân Hoà 6,1167,,,
1167,1261.0,5.5,Nhân Hoà 7,1168,,,
1168,1263.0,7.5,Nhất Chi Mai,1169,4.0,44.0,7.5
1169,1264.0,5.5,Nhơn Hòa 1,1170,4.0,42.0,5.5
1170,1265.0,5.5,Nhơn Hòa 2,1171,,,
1171,1266.0,5.5,Nhơn Hòa 3,1172,4.0,42.0,5.5
1172,1267.0,5.5,Nhơn Hòa 4,1173,,,
1173,1268.0,5.5,Nhơn Hòa 5,1174,,,
1174,1269.0,5.5,Nhơn Hòa 6,1175,4.0,42.0,5.5
1175,1270.0,5.5,Nhơn Hòa 7,1176,4.0,42.0,5.5
1176,1271.0,5.5,Nhơn Hòa 8,1177,,,
1177,1272.0,5.5,Nhơn Hòa Phước 1,1178,,,
1178,1273.0,3.75,Nhơn Hòa Phước 2,1179,,,
1179,1274.0,3.75,Nhơn Hòa Phước 3,1180,,,
1180,1275.0,15.0,Như Nguyệt,1181,1.0,17.0,15.0
1181,1277.0,15.0,Ông Ích Đường,1182,4.0,40.0,15.0
1182,1278.0,9.0,Ông Ích Khiêm,1183,3.0,6.0,9.0
1183,1279.0,6.5,Pasteur,1184,1.0,19.0,6.5
1184,1280.0,5.5,Phạm Bành,1185,,,
1185,1281.0,5.5,Phạm Công Trứ,1186,,,
1186,1282.0,7.5,Phạm Cự Lượng,1187,5.0,35.0,7.5
1187,1283.0,7.5,Phạm Đình Hồ,1188,,,
1188,1284.0,7.5,Phạm Đức Nam,1189,6.0,38.0,7.5
1189,1285.0,7.0,Phạm Hồng Thái,1190,,,
1190,1286.0,7.5,Phạm Hữu Kính,1191,6.0,36.0,7.5
1191,1287.0,,Phạm Kiệt,1192,6.0,37.0,8.0
1192,1288.0,5.5,Phạm Khiêm Ích,1193,6.0,37.0,5.5
1193,1289.0,6.0,Phạm Nỗi,1194,,,
1194,1290.0,5.5,Phạm Ngọc Thạch,1195,1.0,17.0,5.5
1195,1291.0,3.0,Phạm Ngũ lão,1196,,,
1196,1292.0,3.0,Phạm Như tăng,1197,,,
1197,1293.0,6.0,Phạm Như Xương,1198,2.0,4.0,6.0
1198,1294.0,7.5,Phạm PHú  Tiết,1199,,,
1199,1295.0,6.0,Phạm Phú Thứ,1200,1.0,19.0,6.0
1200,1296.0,5.5,Pham Sư Mạnh,1201,,,
1201,1297.0,5.5,Phạm Tu,1202,5.0,33.0,5.5
1202,1298.0,10.5,Phạm Tuấn Tài,1203,6.0,37.0,10.5
1203,1299.0,,Phạm Tứ,1204,4.0,40.0,10.0
1204,1300.0,5.5,Phạm Thận Duật,1205,6.0,39.0,5.5
1205,1301.0,5.5,Phạm Văn Bạch,1206,1.0,28.0,5.5
1206,1302.0,56.0,Phạm Văn Đồng,1207,5.0,33.0,56.0
1207,1303.0,6.0,Phạm văn Nghị,1208,3.0,11.0,6.0
1208,1304.0,10.5,Phạm văn Ngôn,1209,2.0,3.0,10.5
1209,1305.0,7.5,Phạm văn Trang,1210,,,
1210,1306.0,10.5,Phạm Văn Xảo,1211,5.0,32.0,10.5
1211,1307.0,7.5,Pham Vấn,1212,,,
1212,1308.0,5.5,Phạm Vinh,1213,,,
1213,1309.0,6.0,Phan Bá Phiến,1214,5.0,31.0,6.0
1214,1311.0,5.5,Phan Bôi,1215,5.0,32.0,5.5
1215,1312.0,8.5,Phan Châu Trinh,1216,1.0,21.0,8.5
1216,1314.0,15.0,Phan Đăng Lưu,1217,1.0,27.0,15.0
1217,1315.0,7.0,Phan Đình Phùng,1218,,,
1218,1317.0,5.5,Phan Đình Thông,1219,6.0,39.0,5.5
1219,1318.0,15.0,Phan Hành Sơn,1220,,,
1220,1319.0,6.0,Phan Huy Chú,1221,5.0,34.0,6.0
1221,1320.0,6.0,Phan Huy Ích,1222,5.0,34.0,6.0
1222,1321.0,7.5,Phan Huy Thực,1223,5.0,30.0,7.5
1223,1322.0,5.5,Phan Kế Bính,1224,1.0,17.0,5.5
1224,1324.0,7.5,Phan Khôi,1225,4.0,45.0,7.5
1225,1325.0,7.5,Phan Liêm,1226,6.0,36.0,7.5
1226,1326.0,7.5,Phan Ngọc Nhân,1227,,,
1227,1327.0,7.5,Phan Nhu,1228,,,
1228,1329.0,5.5,Phan Phu Tiên,1229,,,
1229,1330.0,7.5,Phan Tòng ,1230,,,
1230,1332.0,7.5,Phan Tôn,1231,6.0,36.0,7.5
1231,1333.0,7.5,Phan Tốn,1232,,,
1232,1334.0,7.0,Phan Tứ,1233,6.0,36.0,7.0
1233,1335.0,6.0,Phan Thanh,1234,3.0,13.0,6.0
1234,1336.0,4.0,Phan Thành tài,1235,,,
1235,1337.0,5.5,Phan Thị Nể,1236,2.0,5.0,5.5
1236,1338.0,5.5,Phan Thúc Duyện,1237,6.0,36.0,5.5
1237,1339.0,5.5,Phan Trọng Tuệ,1238,1.0,28.0,5.5
1238,1340.0,7.5,Phan Văn Đạt,1239,,,
1239,1341.0,6.5,Phan Văn Định,1240,2.0,3.0,6.5
1240,1342.0,7.5,Phan Văn Hớn,1241,5.0,29.0,7.5
1241,1343.0,7.5,Phan Văn Thuật,1242,,,
1242,1344.0,,Phan Văn Trị,1243,4.0,40.0,10.0
1243,1345.0,5.5,Phan Văn Trường,1244,,,
1244,1346.0,3.5,Phần Lăng 1,1245,,,
1245,1347.0,5.5,Phần Lăng 10,1246,,,
1246,1348.0,5.5,Phần Lăng 11,1247,3.0,15.0,5.5
1247,1349.0,5.5,Phần Lăng 12,1248,3.0,15.0,5.5
1248,1350.0,5.5,Phần Lăng 14,1249,3.0,15.0,5.5
1249,1351.0,5.5,Phần Lăng 15,1250,3.0,15.0,5.5
1250,1352.0,5.5,Phần Lăng 16,1251,,,
1251,1353.0,5.5,Phần Lăng 17,1252,3.0,15.0,5.5
1252,1354.0,5.5,Phần Lăng 18,1253,3.0,15.0,5.5
1253,1355.0,7.5,Phần Lăng 19,1254,1.0,22.0,7.5
1254,1356.0,,Phần Lăng 2,1255,,,
1255,1357.0,3.5,Phần Lăng 3,1256,,,
1256,1358.0,3.5,Phần Lăng 4,1257,,,
1257,1359.0,3.5,Phần Lăng 5,1258,1.0,22.0,3.5
1258,1360.0,5.5,Phần Lăng 6,1259,,,
1259,1361.0,5.5,Phần Lăng 7,1260,,,
1260,1362.0,5.5,Phần Lăng 8,1261,3.0,14.0,5.5
1261,1363.0,6.0,Phó Đức Chính,1262,5.0,31.0,6.0
1262,1365.0,5.5,Phong Bắc,1263,,,
1263,1366.0,5.5,Phong Bắc 16,1264,,,
1264,1367.0,5.5,Phong Bắc 1,1265,,,
1265,1368.0,5.5,Phong Bắc 10,1266,,,
1266,1369.0,5.5,Phong Bắc 11,1267,,,
1267,1370.0,5.5,Phong Bắc 18,1268,,,
1268,1371.0,5.5,Phong Bắc 19,1269,,,
1269,1373.0,5.5,Phong Bắc 2,1270,,,
1270,1374.0,5.5,Phong Bắc 20,1271,,,
1271,1376.0,5.5,Phong Bắc 3,1272,,,
1272,1378.0,5.5,Phong Bắc 4,1273,4.0,44.0,5.5
1273,1379.0,5.5,Phong Bắc 5,1274,4.0,44.0,5.5
1274,1380.0,5.5,Phong Bắc 6,1275,4.0,44.0,5.5
1275,1381.0,5.5,Phong Bắc 7,1276,4.0,44.0,5.5
1276,1382.0,5.5,Phong Bắc 8,1277,4.0,44.0,5.5
1277,1383.0,5.5,Phong Bắc 9,1278,4.0,44.0,5.5
1278,1385.0,7.5,Phù Đổng,1279,4.0,45.0,7.5
1279,1386.0,5.5,Phú Lộc 1,1280,2.0,5.0,5.5
1280,1387.0,5.5,Phú Lộc 10,1281,3.0,7.0,5.5
1281,1388.0,5.5,Phú Lộc 11,1282,,,
1282,1389.0,5.5,Phú Lộc 12,1283,,,
1283,1390.0,5.5,Phú Lộc 14,1284,2.0,5.0,5.5
1284,1391.0,5.5,Phú Lộc 15,1285,2.0,5.0,5.5
1285,1392.0,5.5,Phú Lộc 16,1286,2.0,5.0,5.5
1286,1393.0,5.5,Phú Lộc 17,1287,,,
1287,1394.0,5.5,Phú Lộc 18,1288,2.0,5.0,5.5
1288,1395.0,5.0,Phú Lộc 19,1289,,,
1289,1396.0,5.5,Phú Lộc 2,1290,,,
1290,1397.0,5.5,Phú Lộc 3,1291,2.0,5.0,5.5
1291,1398.0,5.5,Phú Lộc 4,1292,,,
1292,1399.0,5.5,Phú Lộc 5,1293,2.0,5.0,5.5
1293,1400.0,5.5,Phú Lộc 6,1294,2.0,5.0,5.5
1294,1401.0,3.5,Phú Lộc 7,1295,2.0,5.0,3.5
1295,1402.0,5.5,Phú Lộc 8,1296,2.0,5.0,5.5
1296,1403.0,5.5,Phú Lộc 9,1297,,,
1297,1404.0,,Phú Thạnh 1,1298,,,
1298,1405.0,,Phú Thạnh 2,1299,,,
1299,1406.0,,Phú Thạnh 3,1300,2.0,5.0,5.5
1300,1407.0,,Phú Thạnh 4,1301,2.0,5.0,5.5
1301,1408.0,,Phú Thạnh 5,1302,,,
1302,1409.0,7.5,Phùng Chí Kiên,1303,2.0,5.0,7.5
1303,1410.0,10.5,Phùng Hưng,1304,3.0,7.0,10.5
1304,1411.0,4.0,Phùng Khắc Khoan,1305,5.0,34.0,4.0
1305,1412.0,7.5,Phùng Tá Chu,1306,,,
1306,1413.0,5.5,Phước Hòa,1307,,,
1307,1414.0,,Phước Hòa 1,1308,,,
1308,1415.0,5.5,Phước Hòa 2,1309,,,
1309,1416.0,5.5,Phước Hòa 3,1310,,,
1310,1417.0,5.5,Phước Mỹ,1311,,,
1311,1418.0,3.5,Phước mỹ ,1312,,,
1312,1419.0,3.5,PHước Mỹsơn Trà,1313,,,
1313,1420.0,7.5,Phước Trường 1,1314,5.0,33.0,7.5
1314,1421.0,5.5,Phước Trường 2,1315,5.0,33.0,5.5
1315,1422.0,5.5,Phước Trường 3,1316,5.0,33.0,5.5
1316,1423.0,5.5,Phước Trường 4,1317,5.0,33.0,5.5
1317,1424.0,5.5,Phước Trường 5,1318,5.0,33.0,5.5
1318,1425.0,5.5,Phước Trường 6,1319,5.0,33.0,5.5
1319,1426.0,5.5,Phước Trường 7,1320,5.0,33.0,5.5
1320,1427.0,5.5,Phước Trường 8,1321,,,
1321,1428.0,5.5,Phước Trường 9,1322,,,
1322,1429.0,7.5,Quán Khái 10,1323,,,
1323,1430.0,7.5,Quán Khái 11,1324,,,
1324,1431.0,7.5,Quán Khái 12,1325,,,
1325,1432.0,5.5,Quán Khải 2,1326,,,
1326,1433.0,5.5,Quán Khải 3,1327,,,
1327,1434.0,5.5,Quán Khải 4,1328,,,
1328,1435.0,5.5,Quán Khải 5,1329,,,
1329,1436.0,5.5,Quán Khải 6,1330,,,
1330,1437.0,5.5,Quán Khải 7,1331,,,
1331,1438.0,5.5,Quán Khải 8,1332,,,
1332,1439.0,7.5,Quán Khái 9,1333,,,
1333,1440.0,5.5,Quang Dũng,1334,,,
1334,1441.0,15.0,Quảng Nam,1335,,,
1335,1442.0,5.5,Quang Thành 1,1336,2.0,3.0,5.5
1336,1443.0,5.5,Quang Thành 2,1337,,,
1337,1444.0,10.5,Quang Trung,1338,1.0,18.0,10.5
1338,1445.0,,Quốc lộ 14B,1339,,,
1339,1446.0,,Quốc lộ 1A,1340,,,
1340,1447.0,7.0,Quy Mỹ,1341,1.0,28.0,7.0
1341,1448.0,15.0,Song Hào,1342,6.0,39.0,15.0
1342,1450.0,7.5,Sơn Thủy 1,1343,6.0,37.0,7.5
1343,1452.0,,Sơn Thủy 10,1344,,,
1344,1454.0,,Sơn Thủy 11,1345,,,
1345,1456.0,5.5,Sơn Thủy 2,1346,6.0,39.0,5.5
1346,1458.0,5.5,Sơn Thủy 3,1347,6.0,39.0,5.5
1347,1460.0,3.5,Sơn Thủy 4,1348,6.0,39.0,3.5
1348,1462.0,3.5,Sơn Thủy 5,1349,,,
1349,1464.0,3.5,Sơn Thủy 6,1350,,,
1350,1466.0,3.5,Sơn Thủy 7,1351,,,
1351,1468.0,3.5,Sơn Thủy 8,1352,,,
1352,1470.0,3.5,Sơn Thủy 9,1353,,,
1353,1471.0,5.5,Sơn Thủy Đông 1,1354,6.0,37.0,5.5
1354,1472.0,7.5,Sơn Thủy Đông 2,1355,6.0,37.0,7.5
1355,1473.0,5.5,Sơn Thủy Đông 3,1356,6.0,39.0,5.5
1356,1474.0,5.5,Sơn Thủy Đông 4,1357,6.0,39.0,5.5
1357,1475.0,,Suối Đá 1,1358,,,
1358,1476.0,,Suối Đá 2,1359,,,
1359,1477.0,,Suối Đá 3,1360,5.0,29.0,5.5
1360,1478.0,5.5,Sử Hy Nhan,1361,,,
1361,1479.0,,Sư Vạn Hạnh,1362,,,
1362,1480.0,3.5,Sương Nguyệt Ánh,1363,5.0,33.0,3.5
1363,1481.0,5.5,Tạ Hiện,1364,1.0,27.0,5.5
1364,1482.0,5.5,Tạ Mỹ Duật,1365,5.0,32.0,5.5
1365,1483.0,10.5,Tạ Quang Bửu,1366,,,
1366,1484.0,5.5,Tản Đà,1367,,,
1367,1485.0,8.0,Tăng Bạt Hổ,1368,,,
1368,1486.0,10.5,Tân An 1,1369,1.0,27.0,10.5
1369,1487.0,,Tân An 2,1370,1.0,27.0,7.5
1370,1488.0,,Tân An 3,1371,,,
1371,1489.0,7.5,Tân An 4,1372,,,
1372,1490.0,5.5,Tân Lập 1,1373,1.0,18.0,5.5
1373,1491.0,5.5,Tân Lập 2,1374,,,
1374,1492.0,10.5,Tân Lưu,1375,6.0,39.0,10.5
1375,1493.0,5.5,Tân Phú 1,1376,5.0,31.0,5.5
1376,1494.0,5.5,Tân Phú 2,1377,5.0,31.0,5.5
1377,1495.0,7.5,Tân Thái 1,1378,5.0,31.0,7.5
1378,1496.0,7.5,Tân Thái 10,1379,,,
1379,1497.0,5.5,Tân Thái 2,1380,5.0,31.0,5.5
1380,1498.0,5.5,Tân Thái 3,1381,,,
1381,1499.0,5.5,Tân Thái 4,1382,5.0,31.0,5.5
1382,1500.0,3.5,Tân Thái 5,1383,5.0,31.0,3.5
1383,1501.0,5.5,Tân Thái 6,1384,,,
1384,1502.0,3.5,Tân Thái 7,1385,,,
1385,1503.0,3.5,Tân Thái 8,1386,,,
1386,1504.0,5.5,Tân Thái 9,1387,,,
1387,1505.0,10.5,Tân Trà,1388,6.0,39.0,10.5
1388,1506.0,5.5,Tân Trào,1389,,,
1389,1507.0,7.5,Tây Sơn,1390,6.0,39.0,7.5
1390,1508.0,7.5,Tế Hanh,1391,4.0,45.0,7.5
1391,1509.0,,Tiên Sơn 1,1392,,,
1392,1510.0,,Tiên Sơn 10,1393,1.0,28.0,5.5
1393,1511.0,,Tiên Sơn 11,1394,,,
1394,1512.0,,Tiên Sơn 12,1395,,,
1395,1513.0,,Tiên Sơn 13,1396,,,
1396,1514.0,,Tiên Sơn 14,1397,1.0,28.0,4.0
1397,1515.0,,Tiên Sơn 15,1398,,,
1398,1516.0,,Tiên Sơn 16,1399,,,
1399,1517.0,,Tiên Sơn 17,1400,,,
1400,1518.0,,Tiên Sơn 18,1401,1.0,28.0,6.0
1401,1519.0,,Tiên Sơn 2,1402,1.0,28.0,8.0
1402,1520.0,,Tiên Sơn 20,1403,1.0,28.0,6.0
1403,1521.0,5.5,Tiên Sơn 21,1404,,,
1404,1522.0,,Tiên Sơn 3,1405,,,
1405,1523.0,,Tiên Sơn 4,1406,1.0,28.0,7.5
1406,1524.0,,Tiên Sơn 5,1407,1.0,28.0,5.0
1407,1525.0,,Tiên Sơn 6,1408,1.0,28.0,5.5
1408,1526.0,,Tiên Sơn 7,1409,1.0,27.0,5.5
1409,1527.0,,Tiên Sơn 8,1410,1.0,28.0,10.0
1410,1528.0,,Tiên Sơn 9,1411,1.0,28.0,5.5
1411,1529.0,,Tiểu La,1412,1.0,27.0,3.0
1412,1530.0,6.0,Tô Hiến Thành,1413,5.0,33.0,6.0
1413,1531.0,6.3,Tô Hiệu,1414,2.0,5.0,6.3
1414,1532.0,7.5,Tố Hữu,1415,1.0,28.0,7.5
1415,1533.0,7.5,Tố Hữu (nối dài),1416,,,
1416,1534.0,6.0,Tô Ngọc Vân,1417,3.0,12.0,6.0
1417,1535.0,6.0,Tôn Đản,1418,4.0,42.0,6.0
1418,1536.0,24.0,Tôn Đức Thắng,1419,2.0,5.0,24.0
1419,1537.0,7.5,Tôn Quang Phiệt,1420,5.0,30.0,7.5
1420,1538.0,7.5,Tôn Quang Phiệt (nối dài),1421,,,
1421,1539.0,5.0,Tôn Thất Tùng,1422,3.0,13.0,5.0
1422,1540.0,3.5,Tôn Thất Thiệp,1423,6.0,36.0,3.5
1423,1541.0,7.5,Tôn Thất Thuyết,1424,4.0,40.0,7.5
1424,1542.0,7.5,Tống Duy Tân,1425,2.0,5.0,7.5
1425,1543.0,5.0,Tống Phước Phổ,1426,1.0,28.0,5.0
1426,1544.0,5.5,Tốt Động,1427,2.0,5.0,5.5
1427,1545.0,7.5,Tú Mỡ,1428,4.0,42.0,7.5
1428,1546.0,,Tú Quỳ,1429,2.0,5.0,6.0
1429,1547.0,5.0,Tuệ Tĩnh,1430,,,
1430,1548.0,5.5,Tùng Lâm 1,1431,,,
1431,1549.0,5.5,Tùng Lâm 10,1432,4.0,45.0,5.5
1432,1550.0,5.5,Tùng Lâm 2,1433,4.0,45.0,5.5
1433,1551.0,5.5,Tùng Lâm 3,1434,,,
1434,1552.0,5.5,Tùng Lâm 4,1435,4.0,45.0,5.5
1435,1553.0,5.5,Tùng Lâm 5,1436,4.0,45.0,5.5
1436,1554.0,5.5,Tùng Lâm 6,1437,,,
1437,1555.0,5.5,Tùng Lâm 7,1438,,,
1438,1556.0,5.5,Tùng Lâm 8,1439,4.0,45.0,5.5
1439,1557.0,5.5,Tùng Lâm 9,1440,,,
1440,1558.0,7.5,Tùng Thiện Vương,1441,6.0,37.0,7.5
1441,1559.0,7.5,Tuy Lý Vương,1442,6.0,37.0,7.5
1442,1560.0,15.0,Tự Đức ,1443,,,
1443,1561.0,5.5,Thạch Lam,1444,5.0,33.0,5.5
1444,1562.0,10.5,Thái Phiên,1445,1.0,21.0,10.5
1445,1563.0,7.0,Thái Thị Bôi,1446,3.0,9.0,7.0
1446,1564.0,5.5,Thái Văn A,1447,6.0,38.0,5.5
1447,1565.0,3.2,Thanh Duyên,1448,1.0,16.0,3.2
1448,1566.0,4.5,Thanh Hải,1449,1.0,16.0,4.5
1449,1567.0,10.5,Thanh Hóa,1450,4.0,45.0,10.5
1450,1568.0,5.5,Thanh Huy 1,1451,,,
1451,1569.0,5.5,Thanh Huy 2,1452,3.0,8.0,5.5
1452,1570.0,5.5,Thanh Huy 3,1453,3.0,8.0,5.5
1453,1571.0,10.5,Thanh Khê 6,1454,3.0,7.0,10.5
1454,1572.0,4.0,Thanh Long,1455,1.0,16.0,4.0
1455,1573.0,5.0,Thanh Sơn,1456,1.0,16.0,5.0
1456,1574.0,10.5,Thanh Tịnh,1457,2.0,5.0,10.5
1457,1575.0,10.5,Thành Thái,1458,4.0,40.0,10.5
1458,1576.0,6.0,Thanh Thủy,1459,1.0,19.0,6.0
1459,1577.0,3.5,Thanh Vinh 1,1460,,,
1460,1578.0,5.5,Thành Vinh 1,1461,,,
1461,1579.0,3.5,Thanh Vinh 10,1462,2.0,1.0,3.5
1462,1580.0,3.5,Thanh Vinh 11,1463,,,
1463,1581.0,3.5,Thanh Vinh 12,1464,2.0,3.0,3.5
1464,1582.0,3.5,Thanh Vinh 14,1465,,,
1465,1583.0,3.5,Thanh Vinh 15,1466,2.0,3.0,3.5
1466,1584.0,3.5,Thanh Vinh 16,1467,,,
1467,1585.0,5.5,Thanh Vinh 17,1468,,,
1468,1586.0,3.5,Thanh Vinh 2,1469,,,
1469,1587.0,3.5,Thanh Vinh 3,1470,,,
1470,1588.0,3.5,Thanh Vinh 4,1471,,,
1471,1589.0,3.5,Thanh Vinh 5,1472,,,
1472,1590.0,3.5,Thanh Vinh 6,1473,,,
1473,1591.0,3.5,Thanh Vinh 7,1474,,,
1474,1592.0,3.5,Thanh Vinh 8,1475,2.0,3.0,3.5
1475,1593.0,3.5,Thanh Vinh 9,1476,,,
1476,1594.0,10.5,Thăng Long,1477,4.0,44.0,10.5
1477,1596.0,7.5,Thân Cảnh Phúc,1478,1.0,27.0,7.5
1478,1597.0,5.5,Thân Nhân Trung,1479,3.0,15.0,5.5
1479,1598.0,5.5,Thép Mới,1480,,,
1480,1599.0,5.5,Thế Lữ,1481,5.0,32.0,5.5
1481,1600.0,6.0,Thi Sách,1482,1.0,22.0,6.0
1482,1601.0,10.5,Thích Phước Huệ,1483,6.0,39.0,10.5
1483,1602.0,10.5,Thích Quảng Đức,1484,2.0,5.0,10.5
1484,1603.0,,Thích Thiện Chiếu,1485,5.0,29.0,5.5
1485,1604.0,,Thôi Hữu,1486,5.0,29.0,5.5
1486,1605.0,5.5,Thu Bồn,1487,,,
1487,1606.0,5.5,Thủ Khoa Huân,1488,5.0,35.0,5.5
1488,1608.0,,Thuận An 1,1489,,,
1489,1610.0,,Thuận An 2,1490,,,
1490,1612.0,,Thuận An 3,1491,,,
1491,1614.0,,Thuận An 4,1492,,,
1492,1616.0,,Thuận An 5,1493,,,
1493,1618.0,,Thuận An 6,1494,,,
1494,1620.0,,Thúc Tề,1495,3.0,15.0,5.0
1495,1621.0,7.5,Thuỷ Sơn 1,1496,,,
1496,1622.0,7.5,Thuỷ Sơn 2,1497,,,
1497,1623.0,7.5,Thuỷ Sơn 3,1498,,,
1498,1624.0,7.5,Thuỷ Sơn 4,1499,,,
1499,1625.0,7.5,Thuỷ Sơn 5,1500,,,
1500,1626.0,7.5,Thượng Đức,1501,,,
1501,1627.0,7.5,Trà Lộ,1502,,,
1502,1628.0,5.5,Trà Na 1,1503,2.0,4.0,5.5
1503,1629.0,5.5,Trà Na 2,1504,,,
1504,1630.0,5.5,Trà Na 3 ,1505,,,
1505,1631.0,,Trần Anh Tông,1506,3.0,7.0,10.0
1506,1632.0,5.5,Trần Bích San,1507,2.0,2.0,5.5
1507,1633.0,7.2,Trần Bình Trọng,1508,1.0,19.0,7.2
1508,1634.0,7.5,Trần Can,1509,3.0,15.0,7.5
1509,1635.0,10.5,Trần Cao Vân,1510,3.0,9.0,10.5
1510,1636.0,7.5,Trần Cừ,1511,1.0,22.0,7.5
1511,1637.0,6.5,Trần Đại Nghĩa,1512,6.0,38.0,6.5
1512,1638.0,15.0,Trần Đăng Ninh,1513,1.0,28.0,15.0
1513,1639.0,7.5,Trần Đình Đàn,1514,5.0,33.0,7.5
1514,1640.0,5.5,Trần Đình Long,1515,4.0,44.0,5.5
1515,1641.0,,Trần Đình Phong,1516,,,
1516,1642.0,10.5,Trần Đình Tri,1517,2.0,5.0,10.5
1517,1643.0,7.5,Trần Đức Thảo ,1518,,,
1518,1644.0,4.5,Trần Hoành,1519,6.0,37.0,4.5
1519,1645.0,10.5,Trần Huân ,1520,,,
1520,1646.0,7.5,Trần Huy Liệu,1521,4.0,40.0,7.5
1521,1647.0,,Trần Huy Liệu (nối dài),1522,,,
1522,1648.0,15.0,Trần Hưng Đạo,1523,5.0,34.0,15.0
1523,1649.0,5.5,Trần Hữu Duẩn,1524,,,
1524,1650.0,15.0,Trần Hữu Dực,1525,6.0,39.0,15.0
1525,1651.0,10.5,Trần Hữu Độ,1526,6.0,37.0,10.5
1526,1652.0,7.0,Trần Kế Xương,1527,1.0,20.0,7.0
1527,1653.0,5.0,Trần Kim Bảng,1528,4.0,40.0,5.0
1528,1654.0,5.0,Trần Khánh Dư,1529,6.0,36.0,5.0
1529,1655.0,5.5,Trần Khát Chân,1530,5.0,31.0,5.5
1530,1656.0,7.5,Trần Lê,1531,4.0,45.0,7.5
1531,1657.0,5.5,Trần Lựu,1532,4.0,45.0,5.5
1532,1658.0,5.5,Trần Mai Ninh,1533,4.0,40.0,5.5
1533,1659.0,15.0,Trần Nam Trung,1534,4.0,45.0,15.0
1534,1660.0,7.5,Trần Ngọc Sương,1535,,,
1535,1661.0,10.5,Trần Nguyên Đán,1536,2.0,5.0,10.5
1536,1662.0,10.5,Trần Nguyên Hãn,1537,5.0,29.0,10.5
1537,1664.0,15.0,Trần Nhân Tông,1538,5.0,31.0,15.0
1538,1665.0,6.0,Trần Nhật Duật,1539,5.0,29.0,6.0
1539,1666.0,10.5,Trần Phú,1540,1.0,19.0,10.5
1540,1667.0,10.5,Trần Phước Thành,1541,4.0,40.0,10.5
1541,1668.0,10.5,Trần Phước Thành (nối dài),1542,,,
1542,1670.0,10.5,Trần Quang Diệu,1543,5.0,34.0,10.5
1543,1671.0,6.0,Trần Quang Khải,1544,5.0,29.0,6.0
1544,1672.0,,Trần Quang Khải (nối dài),1545,,,
1545,1673.0,15.0,Trần Quốc Hoàn,1546,6.0,39.0,15.0
1546,1674.0,7.0,Trần Quốc Toản,1547,,,
1547,1675.0,7.5,Trần Quốc Thảo,1548,,,
1548,1676.0,7.0,Trần Quý Cáp,1549,1.0,18.0,7.0
1549,1677.0,5.5,Trần Quý Hai,1550,4.0,44.0,5.5
1550,1678.0,7.5,Trần Sâm,1551,5.0,30.0,7.5
1551,1679.0,7.5,Trần Tấn,1552,,,
1552,1682.0,5.5,Trần Tấn Mới,1553,1.0,22.0,5.5
1553,1683.0,6.0,Trần Tống,1554,3.0,12.0,6.0
1554,1684.0,11.0,Trần Thái Tông,1555,3.0,14.0,11.0
1555,1685.0,5.5,Trần Thanh Mại,1556,5.0,32.0,5.5
1556,1686.0,,Trần Thánh Tông,1557,5.0,30.0,15.0
1557,1687.0,10.5,Trần Thanh Trung,1558,3.0,7.0,10.5
1558,1688.0,6.0,Trần Thị Lý,1559,6.0,36.0,6.0
1559,1689.0,10.5,Trần Thủ Độ,1560,4.0,40.0,10.5
1560,1690.0,,Trần Thuyết,1561,5.0,29.0,5.0
1561,1691.0,9.0,Trần Văn Dư ,1562,,,
1562,1692.0,,Trần Văn Dư (nối dài),1563,,,
1563,1693.0,7.5,Trần Văn Đán,1564,6.0,36.0,7.5
1564,1695.0,5.5,Trần Văn Đang,1565,4.0,40.0,5.5
1565,1696.0,7.5,Trần Văn Hai,1566,,,
1566,1698.0,10.5,Trần Văn Kỳ,1567,,,
1567,1700.0,,Trần Văn Lan,1568,,,
1568,1701.0,,Trần Văn Thành,1569,6.0,37.0,6.0
1569,1702.0,21.0,Trần Văn Trà,1570,4.0,45.0,21.0
1570,1704.0,5.5,Trần Xuân Lê,1571,3.0,15.0,5.5
1571,1705.0,5.5,Trần Xuân Soạn,1572,4.0,40.0,5.5
1572,1706.0,,Triệu Việt Vương,1573,5.0,34.0,10.0
1573,1707.0,10.5,Trịnh Công Sơn,1574,1.0,28.0,10.5
1574,1708.0,15.0,Trịnh Đình Thảo,1575,4.0,40.0,15.0
1575,1709.0,4.5,Trịnh Hoài Đức,1576,4.0,40.0,4.5
1576,1710.0,5.5,Trịnh Khả,1577,4.0,45.0,5.5
1577,1712.0,4.5,Trịnh Khắc Lập,1578,2.0,2.0,4.5
1578,1713.0,7.5,Trịnh Lỗi,1579,6.0,37.0,7.5
1579,1714.0,5.5,Trung Hòa 1,1580,6.0,38.0,5.5
1580,1715.0,5.5,Trung Hòa 2,1581,,,
1581,1716.0,5.5,Trung Hòa 3,1582,,,
1582,1717.0,5.5,Trung Hòa 4,1583,,,
1583,1718.0,5.5,Trung Hòa 5,1584,,,
1584,1719.0,5.5,Trung Lương 1,1585,,,
1585,1720.0,5.5,Trung Lương 2,1586,4.0,45.0,5.5
1586,1721.0,5.5,Trung Lương 3,1587,,,
1587,1722.0,5.5,Trung Lương 4,1588,,,
1588,1723.0,5.5,Trung Lương 5,1589,,,
1589,1724.0,7.5,Trung Lương 6,1590,4.0,45.0,7.5
1590,1725.0,7.5,Trung Lương 7,1591,4.0,45.0,7.5
1591,1726.0,5.5,Trung Nghĩa 1,1592,,,
1592,1728.0,5.5,Trung Nghĩa 2,1593,,,
1593,1730.0,5.5,Trung Nghĩa 3,1594,,,
1594,1732.0,5.5,Trung Nghĩa 4,1595,,,
1595,1734.0,5.5,Trung Nghĩa 5,1596,2.0,5.0,5.5
1596,1736.0,5.5,Trung Nghĩa 6,1597,,,
1597,1738.0,5.5,Trung Nghĩa 7,1598,,,
1598,1739.0,5.5,Trừ Văn Thố,1599,,,
1599,1740.0,9.0,Trưng Nữ Vương,1600,1.0,23.0,9.0
1600,1742.0,5.5,Trưng Nhị,1601,1.0,22.0,5.5
1601,1743.0,7.5,Trương Công Hy,1602,6.0,37.0,7.5
1602,1744.0,8.0,Trương Chí Cương,1603,1.0,28.0,8.0
1603,1746.0,24.0,Trường Chinh,1604,4.0,41.0,24.0
1604,1747.0,5.5,Trương Đăng Quế,1605,,,
1605,1748.0,8.0,Trương Định,1606,5.0,31.0,8.0
1606,1749.0,10.5,Trương Gia Mô,1607,,,
1607,1751.0,3.74,Trương Hán Siêu,1608,5.0,32.0,3.74
1608,1752.0,7.5,Trương Minh Giảng,1609,6.0,39.0,7.5
1609,1753.0,5.5,Trương Quang Giao ,1610,,,
1610,1754.0,7.5,Trương Quyền,1611,5.0,31.0,7.5
1611,1755.0,15.0,Trường Sa,1612,6.0,39.0,15.0
1612,1756.0,21.0,Trường Sơn,1613,4.0,43.0,21.0
1613,1758.0,7.5,Trương Văn Đa,1614,,,
1614,1759.0,7.5,Trương Văn Hiến,1615,6.0,37.0,7.5
1615,1760.0,5.5,Trương Vân Lĩnh,1616,2.0,2.0,5.5
1616,1761.0,5.0,Vạn Hạnh,1617,,,
1617,1762.0,5.5,Vạn Tường,1618,6.0,39.0,5.5
1618,1763.0,6.0,Văn Cao,1619,3.0,,6.0
1619,1764.0,7.5,Văn Tân,1620,6.0,39.0,7.5
1620,1766.0,10.5,Văn Tiến Dũng,1621,4.0,45.0,10.5
1621,1767.0,5.5,Văn Thánh 1,1622,,,
1622,1768.0,5.5,Văn Thánh 2,1623,,,
1623,1769.0,5.5,Văn Thánh 3,1624,2.0,2.0,5.5
1624,1770.0,5.5,Văn Thánh 4,1625,,,
1625,1771.0,15.0,Vân Đồn,1626,5.0,30.0,15.0
1626,1772.0,7.5,Việt Bắc,1627,,,
1627,1774.0,7.5,Võ Duy Dương,1628,2.0,2.0,7.5
1628,1775.0,7.5,Võ Duy Đoán,1629,,,
1629,1776.0,7.5,Võ Duy Ninh,1630,5.0,29.0,7.5
1630,1777.0,5.5,Võ Nghĩa,1631,5.0,33.0,5.5
1631,1778.0,5.5,Võ Như Khương,1632,,,
1632,1779.0,5.5,Võ Quảng,1633,4.0,45.0,5.5
1633,1780.0,5.5,Võ Thị Sáu,1634,1.0,17.0,5.5
1634,1781.0,3.75,Võ Trường Toản,1635,5.0,32.0,3.75
1635,1782.0,10.5,Võ Văn Đặng,1636,6.0,39.0,10.5
1636,1783.0,7.5,Võ Văn Đồng,1637,6.0,39.0,7.5
1637,1784.0,10.5,Võ Văn Tần,1638,3.0,11.0,10.5
1638,1785.0,5.5,Vũ Cán,1639,,,
1639,1786.0,7.5,Vũ Đình Long,1640,5.0,29.0,7.5
1640,1787.0,5.5,Vũ Huy Tấn,1641,,,
1641,1788.0,8.0,Vũ Huy Tấn ,1642,,,
1642,1789.0,5.5,Vũ Hữu,1643,,,
1643,1790.0,7.5,Vũ Lập,1644,2.0,4.0,7.5
1644,1791.0,5.5,Vũ Miên,1645,4.0,45.0,5.5
1645,1792.0,,Vũ Ngọc Nhạ,1646,5.0,29.0,10.0
1646,1793.0,5.5,Vũ Quỳnh,1647,3.0,7.0,5.5
1647,1794.0,5.5,Vũ Tông Phan,1648,5.0,35.0,5.5
1648,1795.0,5.5,Vũ Thạnh,1649,,,
1649,1796.0,,Vũ Trọng Phụng,1650,1.0,28.0,5.5
1650,1797.0,10.5,Vũ Văn Cẩn,1651,6.0,39.0,10.5
1651,1799.0,5.5,Vũ Văn Dũng,1652,5.0,34.0,5.5
1652,1800.0,7.5,Vũng Thùng 1,1653,,,
1653,1801.0,5.5,Vũng Thùng 2,1654,,,
1654,1802.0,5.5,Vũng Thùng 3,1655,5.0,30.0,5.5
1655,1803.0,5.5,Vũng Thùng 4,1656,,,
1656,1804.0,5.5,Vũng Thùng 5,1657,5.0,30.0,5.5
1657,1805.0,7.5,Vùng Trung 1,1658,6.0,39.0,7.5
1658,1806.0,7.5,Vùng Trung 2,1659,,,
1659,1807.0,7.5,Vùng Trung 3,1660,6.0,39.0,7.5
1660,1808.0,7.5,Vùng Trung 4,1661,6.0,39.0,7.5
1661,1809.0,7.5,Vùng Trung 5,1662,6.0,39.0,7.5
1662,1810.0,21.0,Xô Viết Nghệ Tĩnh,1663,4.0,40.0,21.0
1663,1811.0,7.5,Xuân Diệu,1664,1.0,17.0,7.5
1664,1812.0,5.5,Xuân Đán 1,1665,3.0,9.0,5.5
1665,1813.0,4.0,Xuân Hòa 1,1666,3.0,9.0,4.0
1666,1814.0,4.0,Xuân Hòa 2,1667,3.0,8.0,4.0
1667,1815.0,5.5,Xuân Thiều 1,1668,,,
1668,1816.0,5.5,Xuân Thiều 10,1669,2.0,2.0,5.5
1669,1817.0,5.5,Xuân Thiều 11,1670,2.0,2.0,5.5
1670,1818.0,5.5,Xuân Thiều 12,1671,2.0,2.0,5.5
1671,1819.0,5.5,Xuân Thiều 14,1672,2.0,2.0,5.5
1672,1820.0,5.5,Xuân Thiều 2,1673,,,
1673,1821.0,5.5,Xuân Thiều 3,1674,,,
1674,1822.0,5.5,Xuân Thiều 4,1675,,,
1675,1823.0,5.5,Xuân Thiều 5,1676,,,
1676,1824.0,5.5,Xuân Thiều 6,1677,2.0,2.0,5.5
1677,1825.0,5.5,Xuân Thiều 7,1678,2.0,2.0,5.5
1678,1826.0,5.5,Xuân Thiều 8,1679,,,
1679,1827.0,5.5,Xuân Thiều 9,1680,2.0,2.0,5.5
1680,1828.0,7.5,Xuân Thủy,1681,,,
1681,1829.0,,Xuân Thủy (nối dài),1682,,,
1682,1830.0,,Ỷ Lan Nguyên Phi,1683,1.0,27.0,7.5
1683,1831.0,5.0,Yersin,1684,,,
1684,1832.0,7.0,Yên Báy (Yên Bái),1685,,,
1685,1833.0,5.5,Yên Khê 1,1686,3.0,7.0,5.5
1686,1834.0,7.5,Yên Khê 2,1687,3.0,7.0,7.5
1687,1835.0,7.5,Yên Thế,1688,4.0,42.0,7.5
1688,1836.0,24.0,Yết Kiêu,1689,5.0,29.0,24.0
1689,,,Ngô Thì Sĩ,1690,6.0,36.0,7.5
1690,,,Võ Chí Công,1691,6.0,39.0,
1691,,,Võ Nguyên Giáp,1692,6.0,39.0,15.0
1692,,,Nam Kỳ Khởi Nghĩa,1693,6.0,38.0,3.0
1693,,,Hoài Thanh,1694,6.0,36.0,7.5
1694,,,Mỹ Khê,1695,5.0,33.0,5.5
1695,,,Bùi Hiển,1696,4.0,42.0,7.5
1696,,,An Trung Đông 1,1697,5.0,35.0,5.5
1697,,,Lê Thị Hồng Gấm,1698,1.0,28.0,5.5
1698,,,Chính Hữu,1699,5.0,33.0,15.0
1699,,,Nước Mặn 1,1700,6.0,37.0,7.5
1700,,,Khuê Mỹ Đông,1701,6.0,37.0,7.5
1701,,,Bùi Kỷ,1702,4.0,40.0,6.0
1702,,,ĐT 605,1703,7.0,56.0,4.0
1703,,,An Trung,1704,5.0,34.0,5.0
1704,,,Nguyễn Đình Thi,1705,4.0,45.0,7.5
1705,,,Mỹ Khê 1,1706,5.0,33.0,5.0
1706,,,Nguyễn Tường Phổ,1707,2.0,5.0,15.0
1707,,,Hồng Phước,1708,2.0,3.0,
1708,,,Yên Khê,1709,3.0,8.0,5.0
1709,,,Khánh An 2,1710,2.0,3.0,7.5
1710,,,Ngô Trí Hòa,1711,5.0,30.0,5.5
1711,,,Nhơn Hòa 19,1712,4.0,42.0,5.5
1712,,,Đặng Nguyên Cẩn,1713,1.0,28.0,7.5
1713,,,Diên Hồng,1714,4.0,45.0,7.5
1714,,,Thanh Lương 17,1715,4.0,45.0,7.5
1715,,,Phước Hoà 3,1716,4.0,40.0,5.5
1716,,,Nại Tú,1717,5.0,30.0,3.7
1717,,,Vũ Đình Liên,1718,4.0,45.0,7.5
1718,,,Dũng Sĩ Thanh Khê,1719,3.0,7.0,7.0
1719,,,Phú Xuân 2,1720,2.0,5.0,6.0
1720,,,Thanh Lương 5,1721,4.0,45.0,7.5
1721,,,Cao Hồng Lãnh,1722,6.0,38.0,10.0
1722,,,Bằng Lăng,1723,5.0,34.0,7.5
1723,,,Bùi Thiện Ngộ,1724,4.0,45.0,7.5
1724,,,Lê Sao,1725,2.0,5.0,7.5
1725,,,Nguyễn Phước Lan,1726,4.0,45.0,
1726,,,Hoa Phượng,1727,5.0,34.0,7.5
1727,,,Hoàng Xuân Nhị,1728,1.0,28.0,5.0
1728,,,Phạm Nhữ Tăng,1729,3.0,15.0,7.0
1729,,,Phan Chu Trinh,1730,1.0,19.0,10.0
1730,,,Nguyễn Thức Tự,1731,6.0,39.0,7.0
1731,,,Nguyễn Tri Phương,1732,3.0,12.0,7.5
1732,,,Mộc Bài 9,1733,2.0,5.0,6.0
1733,,,Đinh Đức Thiện,1734,2.0,5.0,7.5
1734,,,Quách Xân,1735,4.0,41.0,7.5
1735,,,Mẹ Thứ,1736,4.0,45.0,
1736,,,Trần Minh Tông,1737,2.0,5.0,7.5
1737,,,Đinh Văn Chấp,1738,4.0,45.0,7.5
1738,,,Hoàng Thị Loan,1739,2.0,5.0,10.0
1739,,,Cách Mạng Tháng 8,1740,4.0,44.0,5.5
1740,,,An Thượng 38,1741,6.0,36.0,5.5
1741,,,Loseby,1742,5.0,33.0,10.0
1742,,,An Đồn,1743,5.0,33.0,
1743,,,Bùi Công Trừng,1744,4.0,45.0,7.5
1744,,,Lê Quảng Chí,1745,4.0,45.0,10.0
1745,,,Nguyễn Quang Diêu,1746,4.0,45.0,7.5
1746,,,Lý Nhân Tông,1747,4.0,40.0,7.5
1747,,,Phan Khoang,1748,4.0,42.0,7.5
1748,,,Đoàn Nhữ Hài,1749,3.0,15.0,5.5
1749,,,Dương Thị Xuân Quý,1750,6.0,37.0,7.5
1750,,,Phạm Phú Tiết,1751,4.0,40.0,7.5
1751,,,Dương Quảng Hàm,1752,4.0,40.0,5.5
1752,,,Huỳnh Tấn Phát,1753,1.0,28.0,10.0
1753,,,Nguyễn Hồng Ánh,1754,7.0,53.0,10.0
1754,,,An Thượng 37,1755,6.0,36.0,5.0
1755,,,Thành Vinh 3,1756,5.0,29.0,5.5
1756,,,Thành Vinh 4,1757,5.0,29.0,5.5
1757,,,số 5,1758,2.0,2.0,10.0
1758,,,Phan Văn Đáng,1759,7.0,53.0,7.5
1759,,,Trung Lương,1760,4.0,45.0,7.5
1760,,,Trần Kim Xuyến,1761,4.0,45.0,7.5
1761,,,Mai Thúc Lân,1762,6.0,36.0,7.0
1762,,,Quán Khái 1,1763,6.0,39.0,6.0
1763,,,Tôn Thất Dương Kỵ,1764,4.0,45.0,7.5
1764,,,Bình Hòa 11,1765,4.0,40.0,
1765,,,Ngô Huy Diễn,1766,4.0,45.0,7.5
1766,,,Hồ Trung Lượng,1767,4.0,45.0,7.0
1767,,,Khuê Mỹ Đông 5,1768,6.0,37.0,5.5
1768,,,Phước Tường 2,1769,4.0,41.0,5.5
1769,,,Bình Hòa 4,1770,4.0,40.0,3.5
1770,,,Khúc Thừa Dụ,1771,5.0,30.0,10.0
1771,,,Hồng Phước 4,1772,2.0,3.0,7.5
1772,,,Nhơn Hòa Xuân,1773,4.0,45.0,5.5
1773,,,Trung Nghĩa 8,1774,2.0,5.0,5.5
1774,,,Nguyễn Thị Cận,1775,4.0,42.0,7.5
1775,,,Phan Xích Long,1776,3.0,14.0,10.0
1776,,,Thanh Lương 8,1777,4.0,45.0,7.5
1777,,,Nước Mặn 2,1778,6.0,37.0,7.5
1778,,,Phú Xuân 3,1779,2.0,5.0,7.5
1779,,,Phước Trường 12,1780,5.0,32.0,5.5
1780,,,An Thượng 21,1781,6.0,36.0,5.5
1781,,,Nguyễn Nhược Pháp,1782,2.0,5.0,10.0
1782,,,Bình Hòa 5,1783,4.0,40.0,5.5
1783,,,Chu Mạnh Trinh,1784,4.0,40.0,5.5
1784,,,Trương Quốc Dụng,1785,5.0,30.0,7.5
1785,,,Cao Sơn Pháo,1786,4.0,42.0,7.5
1786,,,Bùi Dương Lịch,1787,5.0,30.0,7.5
1787,,,Nguyễn Thuật,1788,4.0,42.0,5.5
1788,,,Nguyễn Phước Tấn,1789,4.0,44.0,15.0
1789,,,Đại An 3,1790,6.0,38.0,7.5
1790,,,Phước Tường 3,1791,4.0,41.0,5.5
1791,,,Phan Tòng,1792,6.0,39.0,7.5
1792,,,Hòa Nam 11,1793,2.0,5.0,5.5
1793,,,An Hòa 4,1794,4.0,40.0,7.5
1794,,,Phạm Quang Ảnh,1795,5.0,35.0,5.5
1795,,,Phạm Đình Hổ,1796,2.0,5.0,7.5
1796,,,Liêm Lạc 16,1797,4.0,45.0,5.5
1797,,,Phước Lý 10,1798,2.0,5.0,7.5
1798,,,Phước Lý 12,1799,2.0,5.0,7.5
1799,,,Vũ Lăng,1800,4.0,41.0,11.0
1800,,,Mỹ Đa Tây 10,1801,6.0,37.0,5.5
1801,,,Bùi Trang Chước,1802,4.0,45.0,11.0
1802,,,Bùi Tấn Diên,1803,2.0,5.0,11.0
1803,,,Phạm Viết Chánh,1804,4.0,44.0,7.5
1804,,,Võ Sạ,1805,4.0,45.0,5.5
1805,,,Phước Tường 1,1806,4.0,41.0,5.5
1806,,,Thanh Lương 12,1807,4.0,45.0,7.5
1807,,,Lê Đình Kỵ,1808,4.0,42.0,7.5
1808,,,Phạm Hùng,1809,7.0,53.0,15.0
1809,,,Trương Quang Giao,1810,4.0,40.0,5.5
1810,,,Dã Tượng,1811,5.0,31.0,11.0
1811,,,Thanh Lương 18,1812,4.0,45.0,5.0
1812,,,Thanh Nghị,1813,2.0,5.0,11.0
1813,,,Hằng Phương Nữ Sỹ,1814,6.0,38.0,7.5
1814,,,Tôn Thất Đạm,1815,3.0,9.0,11.0
1815,,,Thanh Lương 10,1816,4.0,45.0,7.5
1816,,,Trần Quý Khoách,1817,2.0,5.0,5.5
1817,,,Phan Bội Châu,1818,1.0,18.0,7.5
1818,,,Bằng Lăng 1,1819,5.0,34.0,7.5
1819,,,Thanh Lương 11,1820,4.0,45.0,7.5
1820,,,Yên Bái,1821,1.0,21.0,10.0
1821,,,Đào Tấn,1822,1.0,25.0,4.0
1822,,,Lê Lợi,1823,1.0,18.0,3.0
1823,,,Nguyễn Hiến Lê,1824,4.0,45.0,8.0
1824,,,Trần Đức Thông,1825,5.0,32.0,5.5
1825,,,Trần Hữu Trang,1826,1.0,27.0,4.0
1826,,,Hà Kỳ Ngộ,1827,5.0,31.0,15.0
1827,,,Phan Bá Vành,1828,5.0,30.0,10.0
1828,,,An Thượng 20,1829,6.0,36.0,6.0
1829,,,Lê Quang Hòa,1830,4.0,45.0,15.0
1830,,,Hà Thị Thân,1831,5.0,35.0,7.5
1831,,,Hoà Minh 23,1832,2.0,5.0,12.0
1832,,,Dương Trí Trạch,1833,5.0,32.0,5.5
1833,,,Đồng Trí 7,1834,2.0,4.0,7.5
1834,,,Trần Bạch Đằng,1835,6.0,36.0,25.0
1835,,,Hàn Mạc Tử,1836,1.0,17.0,3.0
1836,,,Lê Ngô Cát,1837,3.0,12.0,7.5
1837,,,Bình An 2,1838,1.0,27.0,4.0
1838,,,Dương Tôn Hải,1839,6.0,39.0,5.5
1839,,,Hòa Nam 8,1840,2.0,5.0,5.5
1840,,,Mai Lão Bạng,1841,1.0,17.0,2.0
1841,,,Phú Xuân 1,1842,2.0,5.0,6.0
1842,,,Nhơn Hòa 21,1843,4.0,42.0,5.5
1843,,,Nhơn Hòa 12,1844,4.0,42.0,5.5
1844,,,Phan Triêm,1845,4.0,45.0,7.5
1845,,,Phan Huy Ôn,1846,1.0,27.0,5.5
1846,,,Vương Thừa Vũ,1847,5.0,29.0,15.0
1847,,,Mỹ Đa Đông 9,1848,6.0,37.0,5.5
1848,,,Đa Mặn 14,1849,6.0,37.0,5.5
1849,,,Trần Huấn,1850,4.0,40.0,10.0
1850,,,Võ Như Hưng,1851,6.0,36.0,5.5
1851,,,Đỗ Đức Dục,1852,3.0,14.0,5.5
1852,,,Phước Mỹ 2,1853,5.0,33.0,5.5
1853,,,Đa Phước 10,1854,6.0,37.0,7.5
1854,,,Lê Nổ,1855,1.0,28.0,7.5
1855,,,Hoàng Minh Thảo,1856,2.0,4.0,6.0
1856,,,Hoà Minh 22,1857,2.0,5.0,5.5
1857,,,Bàu Năng 11,1858,2.0,5.0,6.0
1858,,,Mẹ Suốt,1859,2.0,4.0,4.0
1859,,,Bình Than,1860,5.0,29.0,5.5
1860,,,Võ Văn Kiệt,1861,5.0,35.0,30.0
1861,,,Phú Xuân,1862,2.0,5.0,5.5
1862,,,Triệu Nữ Vương,1863,1.0,20.0,3.0
1863,,,Tiên Sơn,1864,1.0,28.0,16.0
1864,,,Hóa Sơn 10,1865,1.0,28.0,7.5
1865,,,29/3,1866,4.0,45.0,15.0
1866,,,Phước Trường 11,1867,5.0,33.0,5.5
1867,,,Nại Hiên Đông 1,1868,5.0,30.0,20.0
1868,,,Nguyễn Đình Hoàn,1869,5.0,30.0,10.0
1869,,,Hoa Phượng 2,1870,5.0,34.0,7.5
1870,,,Hoa Hồng 4,1871,5.0,34.0,7.5
1871,,,Trần Văn Trứ,1872,1.0,19.0,7.5
1872,,,Nguyễn Quang Chung,1873,4.0,45.0,7.5
1873,,,An Đồn 6,1874,5.0,32.0,7.5
1874,,,Lê Huy,1875,4.0,44.0,7.5
1875,,,Phú Xuân 8,1876,2.0,5.0,5.5
1876,,,Trần Đức,1877,2.0,4.0,5.0
1877,,,Quang Châu,1878,7.0,53.0,5.0
1878,,,Mỹ Đa Đông 10,1879,6.0,36.0,5.5
1879,,,Mai Chí Thọ,1880,4.0,45.0,10.0
1880,,,Dương Loan,1881,4.0,45.0,10.0
1881,,,An Mỹ,1882,5.0,34.0,5.0
1882,,,An Trung Đông 4,1883,5.0,35.0,5.0
1883,,,Ung Văn Khiêm,1884,6.0,36.0,7.5
1884,,,Nguyễn Văn Thông,1885,4.0,45.0,7.5
1885,,,Huy Du,1886,5.0,33.0,7.5
1886,,,An Trung 5,1887,5.0,34.0,5.5
1887,,,Mỹ Đa Đông 12,1888,6.0,36.0,5.5
1888,,,Trung Lương 15,1889,4.0,45.0,7.5
1889,,,Thanh Lương 6,1890,4.0,45.0,7.5
1890,,,Lâm Hoành,1891,5.0,33.0,3.0
1891,,,Đinh Công Tráng,1892,1.0,17.0,5.5
1892,,,Nại Hiên Đông 6,1893,5.0,30.0,5.0
1893,,,Hồ Hán Thương,1894,5.0,30.0,15.0
1894,,,Nại Hưng 2,1895,5.0,30.0,5.0
1895,,,Nại Thịnh 5,1896,5.0,30.0,5.0
1896,,,Phạm Huy Thông,1897,5.0,30.0,10.0
1897,,,Dương Lâm,1898,5.0,30.0,5.0
1898,,,Mỹ Đa Đông 11,1899,6.0,36.0,5.0
1899,,,Mộc Sơn,1900,6.0,39.0,7.5
1900,,,Hải Triều,1901,6.0,39.0,7.5
1901,,,Mân Quang 17,1902,5.0,30.0,5.5
1902,,,Phước Trường 17,1903,5.0,32.0,5.5
1903,,,Phước Trường 14,1904,5.0,33.0,5.5
1904,,,Cao Xuân Huy,1905,4.0,40.0,5.5
1905,,,Bàu Năng 3,1906,2.0,5.0,7.5
1906,,,Bàu Năng 7,1907,2.0,5.0,5.5
1907,,,Bùi Huy Bích,1908,5.0,30.0,5.5
1908,,,Nguyễn Hiền,1909,5.0,30.0,5.5
1909,,,An Trung 8,1910,5.0,34.0,4.0
1910,,,Nại Hiên Đông 5,1911,5.0,30.0,5.5
1911,,,Hồ Quý Ly,1912,2.0,5.0,11.0
1912,,,Nại Thịnh 1,1913,5.0,30.0,4.0
1913,,,Bùi Tá Hán Bùi Tá Hán,1914,6.0,37.0,7.0
1914,,,Hóa Mỹ,1915,4.0,40.0,7.0
1915,,,Hòa Khánh,1916,2.0,4.0,10.0
1916,,,Khuê Mỹ Đông 14,1917,6.0,37.0,10.0
1917,,,Mỹ Khê 4,1918,5.0,35.0,8.0
1918,,,Mỹ Khê 2,1919,5.0,33.0,10.0
1919,,,Hoàng Đạo Thành,1920,4.0,45.0,7.0
1920,,,Lê Thiện Tri,1921,6.0,39.0,14.0
1921,,,Vùng Trung 10,1922,6.0,39.0,7.5
1922,,,Lương Khắc Ninh,1923,4.0,45.0,7.5
1923,,,Hàn Giang,1924,4.0,45.0,7.5
1924,,,Nguyễn Quý Đức,1925,4.0,40.0,7.0
1925,,,Bàu Tràm,1926,1.0,28.0,10.0
1926,,,Phước Lý 5,1927,2.0,5.0,8.0
1927,,,Phạm Xuân Ẩn,1928,4.0,45.0,8.0
1928,,,Phước Lý 6,1929,2.0,5.0,10.0
1929,,,Hoà Minh 15,1930,2.0,5.0,10.0
1930,,,Huỳnh Tịnh Của,1931,7.0,53.0,7.0
1931,,,Cẩm Toại Trung,1932,7.0,52.0,4.0
1932,,,Nguyễn Như Đỗ,1933,4.0,43.0,5.0
1933,,,Phạm Hùng,1934,4.0,45.0,27.0
1934,,,Nhân Hòa 3,1935,4.0,45.0,8.0
1935,,,Phạm Ngọc Mậu,1936,3.0,14.0,7.5
1936,,,Ngô Tất Tố,1937,1.0,27.0,10.0
1937,,,Bình An 7,1938,1.0,27.0,5.5
1938,,,Phạm Thế Hiển,1939,4.0,40.0,5.5
1939,,,Bùi Xương Tự,1940,4.0,44.0,7.5
1940,,,Nguyễn Sơn Hà,1941,1.0,27.0,5.5
1941,,,Nguyễn Đổng Chi,1942,1.0,27.0,5.5
1942,,,Phan Anh,1943,4.0,40.0,7.5
1943,,,Bình Hòa 7,1944,4.0,40.0,7.0
1944,,,Lê Đại,1945,1.0,27.0,7.5
1945,,,Nguyễn Cư Trinh,1946,1.0,27.0,7.5
1946,,,Lê Lai,1947,1.0,18.0,7.0
1947,,,Trường Thi 4 Nguyễn Văn Linh,1948,1.0,22.0,7.5
1948,,,Cần Giuộc,1949,3.0,14.0,7.5
1949,,,ĐT 602,1950,7.0,54.0,4.0
1950,,,Lê Văn Sĩ,1951,2.0,5.0,5.5
1951,,,Nguyễn Đình Tứ,1952,4.0,42.0,
1952,,,Sơn Thủy 12,1953,6.0,39.0,5.5
1953,,,Trần Văn Dư,1954,6.0,36.0,7.5
1954,,,Quách Thị Trang,1955,4.0,45.0,7.5
1955,,,Thanh Lương 7,1956,4.0,45.0,7.5
1956,,,Thanh Lương 16,1957,4.0,45.0,7.5
1957,,,an trung 16,1958,5.0,34.0,4.0
1958,,,Nguyễn Thiện Kế,1959,5.0,35.0,6.0
1959,,,Diệp Minh Châu,1960,4.0,45.0,7.5
1960,,,Nguyễn Hữu Hào,1961,6.0,37.0,5.5
1961,,,Thanh Lương 9,1962,4.0,45.0,7.5
1962,,,Lương Khánh Thiện,1963,2.0,5.0,5.5
1963,,,Phú Xuân 4,1964,2.0,5.0,5.5
1964,,,Hoà Minh 14,1965,2.0,5.0,5.5
1965,,,Bàu Năng 10,1966,2.0,5.0,5.5
1966,,,Đa Mặn,1967,6.0,39.0,5.5
1967,,,Đồng Xoài,1968,2.0,5.0,10.0
1968,,,Phú Xuân 7,1969,2.0,5.0,5.5
1969,,,Bàu Năng 8,1970,2.0,5.0,5.5
1970,,,Phú Xuân 5,1971,2.0,5.0,5.5
1971,,,Gò Nãy 9,1972,2.0,5.0,5.5
1972,,,Trung Nghĩa 9,1973,2.0,5.0,7.5
1973,,,Bàu Năng 2,1974,2.0,5.0,5.5
1974,,,Đặng Hòa,1975,4.0,45.0,7.0
1975,,,Gò Nãy 5,1976,2.0,5.0,10.0
1976,,,Gò Nãy 6,1977,2.0,5.0,7.5
1977,,,Ngô Sĩ Liên,1978,2.0,5.0,7.5
1978,,,Bàu Năng 12,1979,2.0,5.0,10.5
1979,,,Huỳnh Văn Gấm,1980,4.0,45.0,7.5
1980,,,Hoàng Hiệp,1981,4.0,45.0,7.5
1981,,,Đậu Quang Lĩnh,1982,4.0,45.0,7.5
1982,,,Phạm Hữu Nghị,1983,4.0,45.0,
1983,,,Thanh Lương 21,1984,4.0,45.0,7.5
1984,,,Võ Văn Ngân,1985,4.0,45.0,
1985,,,Lê Ấm,1986,4.0,45.0,7.5
1986,,,Khuê Mỹ Đông 11,1987,6.0,37.0,7.5
1987,,,Bằng Lăng 2,1988,5.0,34.0,7.0
1988,,,Phạm Vấn,1989,5.0,33.0,7.0
1989,,,Nguyễn Thái Học,1990,1.0,21.0,10.0
1990,,,Chế Viết Tấn,1991,4.0,45.0,7.0
1991,,,Đỗ Pháp Thuận,1992,1.0,27.0,7.0
1992,,,Morrison,1993,5.0,32.0,11.0
1993,,,Đặng Tử Kính,1994,1.0,18.0,6.0
1994,,,Nguyễn Sắc Kim,1995,4.0,45.0,7.5
1995,,,Hồ Tỵ,1996,4.0,45.0,5.5
1996,,,Nguyễn Văn Tỵ,1997,7.0,53.0,5.5
1997,,,Võ An Ninh,1998,4.0,45.0,10.0
1998,,,Nguyễn Kim,1999,4.0,45.0,7.5
1999,,,Xuân Đán 2,2000,3.0,9.0,5.5
2000,,,Phú Thạnh 10,2001,2.0,5.0,5.5
2001,,,Hưng Hoá 7,2002,1.0,28.0,5.5
2002,,,Bàu Năng 1,2003,2.0,5.0,5.5
2003,,,Nam Thọ,2004,5.0,29.0,5.5
2004,,,Nguyễn Mỹ,2005,4.0,45.0,7.5
2005,,,Phước Trường,2006,5.0,33.0,8.0
2006,,,Nguyễn Thông,2007,5.0,34.0,8.0
2007,,,Phước Trường 15,2008,5.0,33.0,6.0
2008,,,Hoà Minh 21,2009,2.0,5.0,5.5
2009,,,Trường Thi,2010,1.0,22.0,5.5
2010,,,Nước Mặn 5,2011,6.0,37.0,7.5
2011,,,Đa Mặn Đông 3,2012,6.0,37.0,7.5
2012,,,An Cư,2013,5.0,35.0,5.0
2013,,,Mai Dị,2014,1.0,27.0,5.5
2014,,,Xuân Quỳnh,2015,6.0,37.0,15.0
2015,,,Mân Quang 18,2016,5.0,29.0,5.5
2016,,,Khuê Mỹ Đông 15,2017,6.0,37.0,7.5
2017,,,Đa Mặn Đông 1,2018,6.0,37.0,7.5
2018,,,Trần Văn Giàu,2019,7.0,53.0,5.5
2019,,,Trần Tử Bình,2020,7.0,53.0,10.0
2020,,,Nguyễn Đình,2021,5.0,33.0,5.5
2021,,,Hoà Minh 11,2022,2.0,5.0,5.5
2022,,,Đàm Thanh 1,2023,2.0,2.0,5.5
2023,,,Thủy Sơn 3,2024,6.0,39.0,5.5
2024,,,Bá Giáng 12,2025,6.0,38.0,5.5
2025,,,Phú Lộc,2026,2.0,5.0,6.0
2026,,,Đàm Thanh 3,2027,2.0,3.0,6.0
2027,,,Nguyễn Văn Ngọc,2028,7.0,47.0,7.0
2028,,,Hà Duy Phiên,2029,4.0,45.0,5.0
2029,,,Nguyễn Đăng Tuyển,2030,5.0,29.0,5.5
2030,,,Thành Vinh 2,2031,5.0,29.0,5.5
2031,,,Dương Thạc,2032,5.0,29.0,7.5
2032,,,Trương Thi 1,2033,3.0,11.0,5.0
2033,,,Lê Duy Đình,2034,3.0,11.0,5.0
2034,,,Hóa Quê Trung,2035,1.0,27.0,5.0
2035,,,Nguyễn Phẩm,2036,1.0,27.0,6.0
2036,,,Đoàn Nguyễn Thục,2037,4.0,44.0,5.5
2037,,,Trần Đức Thảo,2038,1.0,28.0,7.5
2038,,,Cẩm Nam,2039,4.0,45.0,7.5
2039,,,Thanh Lương 15,2040,4.0,45.0,7.5
2040,,,Nại Nam 8,2041,1.0,27.0,7.5
2041,,,Nhân Hòa 2,2042,4.0,45.0,5.5
2042,,,Trần Ngọc Sương,2043,4.0,44.0,5.0
2043,,,Bình Thái 4,2044,4.0,40.0,7.0
2044,,,Phước Tường 11,2045,4.0,42.0,5.0
2045,,,Bàu Cầu 15,2046,7.0,53.0,7.5
2046,,,Bàu Trảng 7,2047,3.0,7.0,3.0
2047,,,Nguyễn Thế Kỷ,2048,6.0,37.0,7.5
2048,,,Đặng Vũ Hỷ,2049,5.0,35.0,7.5
2049,,,Đặng Văn Bá,2050,6.0,38.0,5.5
2050,,,Lê Mạnh Trinh,2051,5.0,33.0,8.0
2051,,,Lê Hiến Mai,2052,2.0,5.0,7.5
2052,,,Kiều Sơn Đen,2053,4.0,45.0,7.5
2053,,,Huỳnh Lắm,2054,6.0,39.0,6.0
2054,,,Trần Đình Nam,2055,4.0,42.0,4.5
2055,,,Phan Phú Tiên,2056,3.0,7.0,5.5
2056,,,Nước Mặn 7,2057,6.0,37.0,7.5
2057,,,Trần Văn Cẩn,2058,4.0,45.0,7.5
2058,,,Mạc Đăng Doanh,2059,4.0,45.0,7.5
2059,,,Huỳnh Văn Nghệ,2060,6.0,38.0,6.0
2060,,,Vùng Trung 9,2061,6.0,39.0,7.5
2061,,,Nhơn Hòa,2062,4.0,45.0,6.0
2062,,,Bàu Cầu 1,2063,7.0,53.0,5.5
2063,,,Nại Thịnh 7,2064,5.0,32.0,5.5
2064,,,Nguyễn Mậu Tài,2065,4.0,45.0,13.0
2065,,,Bàu Năng 9,2066,2.0,5.0,5.5
2066,,,Phần Lăng 9,2067,3.0,15.0,5.5
2067,,,Phong Nam,2068,7.0,53.0,6.0
2068,,,Tân Thuận,2069,5.0,31.0,5.5
2069,,,Trần Duy Chiến,2070,5.0,31.0,11.0
2070,,,An Trung 16 An Trung,2071,5.0,34.0,4.0
2071,,,Nhơn Hòa 9,2072,4.0,42.0,5.5
2072,,,An Thượng 22,2073,6.0,36.0,5.5
2073,,,Mỹ An,2074,6.0,36.0,5.5
2074,,,Hòa Liên 5,2075,7.0,47.0,7.5
2075,,,Trần Văn Ơn,2076,4.0,42.0,4.0
2076,,,Hòa Liên 3,2077,7.0,47.0,5.5
2077,,,Trần Văn Giảng,2078,6.0,39.0,5.5
2078,,,Huỳnh Thúc Kháng,2079,1.0,24.0,7.5
2079,,,Phước Mỹ 1,2080,5.0,33.0,7.5
2080,,,Phước Tường 9,2081,4.0,41.0,5.5
2081,,,Hòa Mỹ 6,2082,2.0,5.0,7.5
2082,,,ĐT 601,2083,7.0,46.0,7.0
2083,,,Bằng Lăng 3,2084,5.0,34.0,
2084,,,Hoa Hồng 2,2085,5.0,34.0,7.5
2085,,,Khuê Mỹ Đông 7,2086,6.0,37.0,7.5
2086,,,Trần Hữu Tước,2087,5.0,33.0,10.0
2087,,,Quán Khái 6,2088,6.0,39.0,5.5
2088,,,Bàu Gia Thượng 2,2089,4.0,44.0,5.5
2089,,,Nguyễn Tuyển,2090,6.0,39.0,5.5
2090,,,Phan Thao,2091,4.0,45.0,11.0
2091,,,Lê Thiết Hùng,2092,4.0,45.0,7.5
2092,,,Bùi Cẩm Hổ,2093,7.0,53.0,5.5
2093,,,Cồn Dầu 10,2094,4.0,45.0,5.5
2094,,,Gò Nảy 14,2095,2.0,5.0,5.5
2095,,,Gò Nãy 4,2096,2.0,5.0,5.5
2096,,,Trần viện,2097,4.0,45.0,7.5
2097,,,Lỗ Giáng 12,2098,4.0,45.0,5.5
2098,,,Lỗ Giáng 14,2099,4.0,45.0,5.5
2099,,,Nguyễn Như Đãi,2100,4.0,44.0,2.5
2100,,,Thái Văn Lung,2101,4.0,45.0,7.5
2101,,,Trung Lương 18,2102,4.0,45.0,7.0
2102,,,Lê Sỹ,2103,4.0,45.0,10.0
2103,,,Nguyễn Thị Sáu,2104,4.0,45.0,7.0
2104,,,Mạc Đăng Dung,2105,4.0,45.0,7.0
2105,,,Đỗ Quỳ,2106,4.0,45.0,7.0
2106,,,Trần Thúc Nhẫn,2107,4.0,45.0,7.0
2107,,,Mân Quang 15,2108,5.0,29.0,5.5
2108,,,Phạm Hữu Nhật,2109,6.0,39.0,5.5
2109,,,Nguyễn Văn Côn,2110,5.0,35.0,4.0
2110,,,Nại Hiên Đông,2111,5.0,30.0,5.0
2111,,,Nại Hiên Đông 2,2112,5.0,30.0,5.0
2112,,,Nại Hiên Đông 10,2113,5.0,30.0,5.0
2113,,,Sơn Thủy Đông,2114,6.0,38.0,5.0
2114,,,Âu Dương Lân,2115,7.0,53.0,7.5
2115,,,Bùi Giáng,2116,4.0,42.0,7.5
2116,,,Nguyễn Văn Tấn,2117,4.0,45.0,7.5
2117,,,Phan Thúc Trực,2118,7.0,53.0,5.5
2118,,,Liêm Lạc 20,2119,4.0,45.0,5.5
2119,,,Bàu Cầu 27,2120,7.0,53.0,5.0
2120,,,An Thượng 25,2121,6.0,37.0,7.5
2121,,,Nguyễn Hàm Ninh,2122,7.0,53.0,5.0
2122,,,Đòan Ngọc Nhạc,2123,4.0,45.0,5.5
2123,,,Hồ Phi Tích,2124,4.0,45.0,7.0
2124,,,Giáng Hương 1,2125,4.0,45.0,7.0
2125,,,Hoàng Thế Thiện,2126,4.0,45.0,7.0
2126,,,Liêm Lạc 15,2127,4.0,45.0,5.5
2127,,,Vũ Thạnh,2128,4.0,45.0,10.0
2128,,,Bình Hòa 2,2129,4.0,40.0,5.5
2129,,,Liêm Lạc 21,2130,4.0,45.0,5.5
2130,,,Triệu Quốc Đạt,2131,4.0,44.0,6.0
2131,,,Bình An,2132,1.0,27.0,5.5
2132,,,Liêm Lạc 12,2133,4.0,45.0,6.0
2133,,,Cồn Dầu 24,2134,4.0,45.0,7.5
2134,,,Lê Trực,2135,4.0,45.0,5.5
2135,,,Hoà Minh 19,2136,2.0,5.0,5.5
2136,,,Phước Tường 6,2137,4.0,41.0,5.5
2137,,,Vũ Thành Năm,2138,4.0,45.0,7.5
2138,,,An Trung 6,2139,5.0,34.0,4.0
2139,,,Nhân Hòa 8,2140,4.0,45.0,5.0
2140,,,Vùng Trung 17,2141,6.0,38.0,10.0
2141,,,Vũ Duy Đoán,2142,6.0,38.0,10.0
2142,,,Nước Mặn,2143,6.0,36.0,7.0
2143,,,Nguyễn Địa Lô,2144,5.0,30.0,7.0
2144,,,An Trung Đông 6,2145,5.0,35.0,7.0
2145,,,Duyên Hồng,2146,4.0,45.0,35.0
2146,,,Nhơn Hòa 18,2147,4.0,41.0,5.0
2147,,,Đồng Lợi,2148,3.0,14.0,5.5
2148,,,Quán Khái,2149,6.0,39.0,5.5
2149,,,Bình An 1,2150,1.0,27.0,5.0
2150,,,Trần Văn Giáp,2151,1.0,27.0,5.0
2151,,,Lê Kim Lăng,2152,4.0,44.0,5.5
2152,,,Nhơn Hòa 11,2153,4.0,42.0,5.5
2153,,,Lý Tế Xuyên,2154,4.0,40.0,5.5
2154,,,An Xuân,2155,3.0,14.0,10.0
2155,,,Khương Hữu Dụng,2156,4.0,45.0,7.5
2156,,,Vũ Duy Thanh,2157,1.0,28.0,7.5
2157,,,Vũ Trọng Hoàng,2158,4.0,42.0,10.0
2158,,,Đa Mặn Đông 4,2159,6.0,37.0,5.0
2159,,,Xuân Thiều,2160,2.0,4.0,5.0
2160,,,Bình An 6,2161,1.0,28.0,55.0
2161,,,Vũ Mộng Nguyên,2162,6.0,37.0,7.0
2162,,,Đức Lợi I,2163,1.0,17.0,5.5
2163,,,Trường Thi 3,2164,1.0,22.0,7.5
2164,,,Xuân Thiều 30,2165,2.0,2.0,7.5
2165,,,Bàu Gia Thượng 4,2166,4.0,44.0,7.5
2166,,,Bàu Mạc,2167,2.0,3.0,7.5
2167,,,Hồng Phước 1,2168,2.0,3.0,5.5
2168,,,Lê Thánh Tôn,2169,1.0,19.0,10.0
2169,,,Hưng Hóa,2170,1.0,28.0,5.5
2170,,,Văn Cận,2171,4.0,40.0,5.5
2171,,,Nguyễn Xuân Ôn,2172,1.0,27.0,7.0
2172,,,Kim Đồng,2173,6.0,39.0,8.0
2173,,,Bàu Trảng 5,2174,3.0,7.0,6.0
2174,,,Đông Lợi 4,2175,3.0,14.0,8.0
2175,,,Nguyễn Công Triều,2176,4.0,42.0,8.0
2176,,,Nhơn Hòa 16,2177,4.0,42.0,4.0
2177,,,Phạm Văn Tráng,2178,2.0,3.0,8.0
2178,,,Đinh Nhật Tân,2179,4.0,42.0,6.0
2179,,,Bàu Cầu 10,2180,7.0,55.0,10.0
2180,,,Hòa Nam 12,2181,2.0,5.0,5.5
2181,,,Vũ Ngọc Phan,2182,2.0,3.0,7.5
2182,,,Phước Lý 3,2183,2.0,5.0,5.5
2183,,,Nhơn Hòa 22,2184,4.0,42.0,5.5
2184,,,Bàu Cầu 8,2185,7.0,53.0,5.5
2185,,,Hà Bồng,2186,4.0,45.0,7.5
2186,,,Hà Xuân,2187,3.0,11.0,6.0
2187,,,Mỹ Đa Tây,2188,6.0,37.0,5.0
2188,,,Vùng Trung 11,2189,6.0,39.0,5.5
2189,,,Cồn Dầu 18,2190,4.0,45.0,7.5
2190,,,Mỹ Khê 7,2191,5.0,33.0,5.5
2191,,,Cồn Dầu 15,2192,4.0,45.0,7.5
2192,,,Hàng Dừa,2193,4.0,45.0,7.5
2193,,,Thiều Chửu,2194,4.0,45.0,7.5
2194,,,Cồn Dầu 23,2195,4.0,45.0,7.5
2195,,,Cồn Dầu 14,2196,4.0,45.0,7.5
2196,,,thanh Lương 26,2197,4.0,45.0,7.5
2197,,,Thanh Lương 22,2198,4.0,45.0,7.5
2198,,,Hố Truông 1,2199,2.0,5.0,5.0
2199,,,Trần Xuân Hòa,2200,6.0,39.0,5.0
2200,,,Vùng Trung 6,2201,6.0,39.0,5.0
2201,,,Gò Nãy 10,2202,2.0,5.0,5.5
2202,,,Trần Văn Kỷ,2203,2.0,5.0,10.5
2203,,,Lý Chính Thắng,2204,2.0,4.0,5.5
2204,,,Chế Lan Viên Chế Lan Viên,2205,6.0,37.0,21.0
2205,,,Hoà Minh 10,2206,2.0,5.0,5.5
2206,,,Gò Nãy 2,2207,2.0,5.0,5.5
2207,,,Đỗ Đăng Đệ,2208,4.0,45.0,7.5
2208,,,Thủy Sơn 4,2209,6.0,39.0,5.5
2209,,,Khuê Mỹ Đông 9,2210,6.0,37.0,7.5
2210,,,Hoa Phượng 3,2211,5.0,34.0,7.5
2211,,,Phước Trường 10,2212,5.0,33.0,7.5
2212,,,Bàu Cầu 12,2213,4.0,45.0,7.5
2213,,,Nhơn Hòa 20,2214,4.0,42.0,5.0
2214,,,Gò Nãy 1,2215,2.0,5.0,12.0
2215,,,Thanh Vinh,2216,2.0,3.0,5.0
2216,,,An Nhơn,2217,5.0,32.0,5.5
2217,,,An Hòa 5,2218,4.0,42.0,6.0
2218,,,Nhơn Hòa 14,2219,4.0,42.0,5.5
2219,,,Bình An 5,2220,1.0,27.0,4.0
2220,,,Lê Quý Đôn,2221,1.0,26.0,7.5
2221,,,Nước Mặn 4,2222,6.0,37.0,7.5
2222,,,Đa Mặn Đông 2,2223,6.0,37.0,7.5
2223,,,Khuê Mỹ Đông 8,2224,6.0,37.0,7.5
2224,,,Đinh Gia Trinh,2225,4.0,45.0,10.0
2225,,,Trà Khê 3,2226,6.0,39.0,8.0
2226,,,Thanh Lương 3,2227,4.0,45.0,8.0
2227,,,Cẩm Bắc,2228,4.0,44.0,5.0
2228,,,Hòa Thọ Đông,2229,4.0,44.0,4.0
2229,,,Đào Trinh Nhất,2230,7.0,53.0,5.0
2230,,,Trần Trọng Khiêm,2231,6.0,37.0,10.0
2231,,,Thủy Sơn 1,2232,6.0,39.0,5.0
2232,,,Phước Lý 8,2233,2.0,5.0,7.5
2233,,,Hoà Minh 12,2234,2.0,5.0,5.5
2234,,,Bàu Cầu 9,2235,4.0,45.0,5.5
2235,,,Phước Lý 11,2236,2.0,5.0,7.5
2236,,,Phú Xuân 6,2237,2.0,5.0,5.5
2237,,,Hòa An 23,2238,4.0,42.0,7.5
2238,,,Đặng Huy Tá,2239,2.0,5.0,5.5
2239,,,Hòa An 12,2240,4.0,42.0,3.7
2240,,,Phước Lý 14,2241,2.0,5.0,7.5
2241,,,Ngô Nhâm Tịnh,2242,4.0,42.0,5.5
2242,,,Hòa An 17,2243,4.0,42.0,3.7
2243,,,An Hòa 10,2244,4.0,42.0,10.0
2244,,,An Bắc 5,2245,6.0,39.0,7.0
2245,,,Kha Vạng Cân,2246,7.0,53.0,7.0
2246,,,Nại Hiên Đông 3,2247,5.0,30.0,5.5
2247,,,Nại Thịnh 6,2248,5.0,30.0,5.0
2248,,,Phạm Bằng,2249,5.0,29.0,10.0
2249,,,Tân Thái,2250,5.0,31.0,3.0
2250,,,Phước Lý 1,2251,2.0,5.0,5.0
2251,,,Nguyễn Trung Đức,2252,3.0,15.0,3.5
2252,,,Nại Thịnh,2253,5.0,32.0,3.0
2253,,,Phan Sĩ Thực,2254,4.0,44.0,5.5
2254,,,Nguyễn Trãi,2255,1.0,20.0,7.0
2255,,,Khuê Mỹ Đông 12,2256,6.0,36.0,5.5
2256,,,Cầu Đỏ Túy Loan,2257,4.0,43.0,5.0
2257,,,Hồ Sỉ Dương,2258,4.0,44.0,5.0
2258,,,Lê Tự Nhất Thống,2259,2.0,2.0,5.5
2259,,,Đông Thạnh 2,2260,4.0,41.0,7.5
2260,,,số 6,2261,2.0,2.0,15.0
2261,,,Mê Linh,2262,2.0,2.0,33.0
2262,,,Nguyễn Mộng Tuân,2263,2.0,5.0,1.0
2263,,,Nam Cao,2264,2.0,4.0,5.0
2264,,,Gò Nãy 11,2265,2.0,5.0,5.5
2265,,,Khánh Sơn,2266,2.0,4.0,5.0
2266,,,Thủy Sơn 5,2267,6.0,39.0,7.5
2267,,,Khuê Mỹ Đông 10,2268,6.0,37.0,7.5
2268,,,Nại Thịnh 2,2269,5.0,30.0,5.5
2269,,,Mộc Bài 8,2270,2.0,5.0,7.5
2270,,,Gò Nãy 8,2271,2.0,5.0,5.0
2271,,,Nguyễn Đình Trọng,2272,2.0,3.0,10.0
2272,,,Nước Mặn 3,2273,6.0,37.0,7.0
2273,,,Trần Quốc Vượng,2274,6.0,39.0,
2274,,,Đồng Nò,2275,4.0,45.0,10.0
2275,,,Cách Mạng Tháng Tám,2276,1.0,28.0,5.0
2276,,,Phước Lý 15,2277,2.0,5.0,7.5
2277,,,Mạc Thiên Tích,2278,6.0,37.0,7.5
2278,,,Xuân Thiều 24,2279,2.0,2.0,7.5
