Phรฒng WC,Mรฃ BฤS,ฤฦฐแปng vรo,Giรก,name,Phรฒng Ngแปง,Mแบทt tiแปn,Hฦฐแปng,Chแป ฤแป xe,Sแป tแบงng
,3772381,5.5 (m),17 Tแปท,CHรNH CHแปฆ CแบฆN BรN NHANH CแบถP ฤแบคT MT DฦฏฦNG CHร TRแบCH - CแบฆN TIแปN NรN BรN Lแป- Diแปn tรญch ฤแบฅt: 130 m2 (10x13) vuรดng vแปฉc- ฤแบฅt rแปng ฤฦฐแปng lแปn ngay gแบงn mแบทt tiแปn ฤฦฐแปng ,,10 (m),ฤรดng,4 (Chแป),
5,3810266,4.5 (m),3.7 Tแปท,"CแบฆN BรN NHANH DรY TRแป KIแปT ร Tร 6M NGUYแปN VฤN HUแป - GIร Rแบบ NHฦฏ MUA ฤแบคT- Diแปn tรญch ฤแบฅt: 104 m2 - ngang 4,4m nแป hแบญu 4,65m quรก ฤแบนp- Dรฃy trแป kiรชn cแป vแปi 5 phรฒng (",5,4.4 (m),ฤรดng bแบฏc,4 (Chแป),1 (Tแบงng)
,3728787,7.5 (m),9.5 Tแปท,CHรNH CHแปฆ CแบฆN BรN Lร ฤแบคT RแปNG ฤแบธP 2 MแบถT TIแปN QUแบฌN THANH KHร - GIร Rแบบ- Diแปn tรญch ฤแบฅt:ยย154.6 m2 (8x20) vuรดng vแปฉc- Lรด gรณc 2 mแบทt tiแปn 2 hฦฐแปng Bแบฏc - Tรขy nรชn rแบฅt t,,7.5 (m),Bแบฏc,4 (Chแป),
,3731451,30 (m),5.2 Tแปท,CHรNH CHแปฆ BรN NHANH Lร ฤแบคT MT NGUYแปN LฦฏฦNG BแบฐNG KHU SแบฆM UแบคT - ฤแบคT MT QUแปC Lแป NHฦฏNG GIร CHแป NGANG ฤแบคT Dแปฐ รN- Diแปn tรญch: 125 m2 (5x25) vuรดng vแปฉc - hฦฐแปng Tรขy Nam,,5 (m),Tรขy bแบฏc,4 (Chแป),
,3925695,5.5 (m),10 Tแปท,"BรN Lร ฤแบคT ฤแบธP MT BรI VIแปN - GIร Rแบบ BแบคT NGแป- Diแปn tรญch ฤแบฅt: 140 m2 (8x17,5) quรก ฤแบนp- Thรญch hแปฃp xรขy dแปฑng biแปt thแปฑ - Villa - Cฤn hแป cao cแบฅp cho thuรช ฤแปu hแปฃp lรฝ-",,7 (m),Tรขy bแบฏc,4 (Chแป),
,3995677,6 (m),50 Tแปท,ยยBรN Lร BIแปT THแปฐ ฤแบขO XANH - KHU VแปฐC VIP NHแบคT ฤร NแบดNG - GIร Rแบบ NHแบคT ฤแบขO- Diแปn tรญch ฤแบฅt: 400 m2 (16x25) quรก ฤแบนp- Mแบทt tiแปn ฤฦฐแปng 6 mรฉt vแปa hรจ 3m thoรกng rแปng - v,,16 (m),,4 (Chแป),
5,3998095,7.5 (m),20.5 Tแปท,BรN NHร BIแปT THแปฐ 3 TแบฆNG MแบถT TIแปN THANH HแบขI - NHร TO GIร ฤแบธP- DT ฤแบฅt: 180 m2 - ngang gแบงn 9m quรก ฤแบนp - hฦฐแปng ฤรNG NAM thoรกng mรกt- Nhร 3 tแบงng kiรชn cแป vแปi 6 phรฒng,6,8.77 (m),ฤรดng nam,4 (Chแป),3 (Tแบงng)
,3997102,5.5 (m),3.32 Tแปท,BรN GแบคP Lร ฤแบคT HIแบพM CรN SรT LแบI MแบถT TIแปN AN HรA 5 - KHUร TRUNG - CแบจM Lแป - GIร QUร THฦM- Diแปn tรญch ฤแบฅt: 80 m2 (5x16) - hฦฐแปng ฤรดng Nam mรกt mแบป- Lรด ฤแบฅt sแบกch ฤแบนp ฤ,,5 (m),ฤรดng nam,4 (Chแป),
3,4002718,3 (m),4.3 Tแปท,"BรN NHร 3 TแบฆNG KIแปT RแปNG Lร ฤรNH DฦฏฦNG THรNG NGUYแปN VฤN LINH - GแบฆN CแบฆU RแปNG- DT ฤแบฅt: 35 m2 - ngang hฦกn 3m nแป hแบญu thรnh 3,6m quรก ฤแบนp- Nhร 3 tแบงng 2 mรช ฤรบc kiรชn ",3,3 (m),,3 (Chแป),3 (Tแบงng)
5,4003676,5.5 (m),8.8 Tแปท,"BรN NHร THIแบพT Kแบพ 4,5 TแบฆNG ฤแบธP HIแปN ฤแบI MT THANH LONG - GIร ฤแบธP NHฦฏ NHร- DT ฤแบฅt: 69 m2 - ngang gแบงn 4,6m - DTSD: 250 m2- Nhร chแบฏc ฤแบนp 4,5 tแบงng ฤฦฐแปฃc thiแบฟt kแบฟ hiแป",4,4.6 (m),,1 (Chแป),4.5 (Tแบงng)
1,3854734,5.5 (m),7.2 Tแปท,"BรN GแบคP Lร ฤรI MT NGUYแปN ฤแปจC THIแปU - GIร Rแบบ NHแบคT KHU VแปฐC- Diแปn tรญch ฤแบฅt: 200 m2 (10x20) vuรดng vแปฉc, quรก rแปng quรก ฤแบนp- Ngay gแบงn Cแบงu Cแบฉm Lแป - ฤฦฐแปng รng รch ฤฦฐแปng",2,10 (m),Bแบฏc,4 (Chแป),2 (Tแบงng)
,3769604,33 (m),50 Tแปท,"CHรNH CHแปฆ CแบฆN BรN Lร ฤแบคT RแปNG MT ฤฦฏแปNG 2 THรNG 9MแบถT TIแปN TRฦฏแปC Lร ฤฦฏแปNG 2 THรNG 9 - MแบถT TIแปN SAU Lร ฤฦฏแปNG TแปNG PHฦฏแปC PHแป- Diแปn tรญch ฤแบฅt:ย ย300 m2 (7,5x40) vuรด",,7.5 (m),ฤรดng,4 (Chแป),
2,3399023,4.5 (m),5.2 Tแปท,"BรN NHร 3 TแบฆNG KIแปT ร Tร NGUYแปN HแปฎU THแป - Vแป TRร ฤแบธP GIร Rแบบ- Diแปn tรญch ฤแบฅt: 55,8m2, diแปn tรญch sแปญ dแปฅng: 142 m2- Kiแปt rแปng gแบงn 6 mรฉt, cรกch mแบทt tiแปn Nguyแปn Hแปฏu T",2,4 (m),ฤรดng nam,4 (Chแป),3 (Tแบงng)
3,4001558,5.5 (m),8.6 Tแปท,"BรN NHร ฤแบธP KENG MT NGUYแปN XUรN รN - HรA CฦฏแปNG BแบฎC - HแบขI CHรU- Diแปn tรญch ฤแบฅt: 98,5 m2 (5x19,7) - hฦฐแปng TรY- Nhร 3 tแบงng 3 mรช mแปi cแปฉng vแปi 3 phรฒng ngแปง - 3wc - s",3,5 (m),Tรขy,4 (Chแป),3 (Tแบงng)
6,4002639,7.5 (m),14 Tแปท,BรN BIแปT THแปฐ 3 TแบฆNG SANG XแปN MแปN MแบถT TIแปN TRแบฆN CAN - THANH KHร- DT ฤแบฅt: 170 m2 - ngang 10m rแปng ฤแบนp - hฦฐแปng ฤรNG BแบฎC- Biแปt thแปฑ 3 tแบงng Mรกi Thรกi ฤแบนp sang xแปn vร,4,10 (m),,1 (Chแป),3 (Tแบงng)
,4000444,15 (m),6.95 Tแปท,BรN GแบคP Lร ฤแบคT MแบถT TIแปN NGUYแปN PHฦฏแปC TแบฆN (CแบจM Lแป) - GIร Rแบบ THUแบฌN TIแปN KINH DOANH- Diแปn tรญch ฤแบฅt: 90 m2 - ngang 5m vuรดng vแปฉc- Mแบทt tiแปn ฤฦฐแปng Nguyแปn Phฦฐแปc Tแบงn r,,5 (m),,4 (Chแป),
,3858729,10.5 (m),7.5 Tแปท,"CแบฆN BรN GแบคP Lร ฤแบคT RแปNG MT HUแปฒNH NGแปC HUแป - GIร Rแบบ NHแบคT ฤฦฏแปNG NรY- Diแปn tรญch ฤแบฅt:ย ย ยย109,5 m2ย ยย - ngang 4,4m nแป hแบญu quรก ฤแบนp- Ngay mแบทt tiแปn ฤฦฐแปng 10,5 mรฉt ",,4.4 (m),,4 (Chแป),
,3995692,33 (m),7.7 Tแปท,BรN ฤแบคT MแบถT TIแปN ฤแบI Lแป 29 THรNG 3 - HรA XUรN - GIร Rแบบ CรN THฦฏฦNG LฦฏแปขNG- Diแปn tรญch ฤแบฅt: 105 m2 (5x21) - hฦฐแปng ฤรNG NAM mรกt mแบป- Ngay gแบงn ngรฃ tฦฐ 2 ฤแบกi lแป Diรชn H,,5 (m),ฤรดng nam,4 (Chแป),
2,3946550,3.5 (m),2.43 Tแปท,"Bรกn nhร 2 tแบงng mแปi ฤแบนp trung tรขm Thanh Khรช, Thรกi Thแป Bรดi gแบงn Lรช ฤแป.Kiแปt trฦฐแปc nhร 3.5m, cรกch ฤฦฐแปng chรญnh 20m. Khu dรขn trรญ, an ninh, gแบงn chแปฃ Chรญnh Giรกn, trฦฐแปng",,5 (m),Bแบฏc,,2 (Tแบงng)
2,4019963,,0 Triแปu,Cฤn hแป Top 1 ฤร Nแบตng - Cฤn hแป view biแปn - Cฤn hแป cao cแบฅp The Sang Residence.Cฤn hแป biแปn Vรต Nguyรชn Giรกp vแปi view biแปn vร toรn thรnh phแป lร lแปฑa chแปn hoรn hแบฃo ch,2,,,,31 (Tแบงng)
5,3991530,4.5 (m),2.7 Tแปท,"1- Diแปn tรญch 112.5m2 (4.5x24)2- nhร 5.5 tแบงng 692m2 sรn.3- Nแบฑm trung tรขm thรnh phแป cรกch trung tรขm hรnh chรญnh 200 cรกch sรดng hรn 400m, gแบงn trฦฐแปng quแปc tแบฟ skyline",5,24 (m),Tรขy,2 (Chแป),5 (Tแบงng)
2,4019939,,0 Triแปu," THE SANG RESIDENCE: CฤN Hแป แป VIEW BIแปN TRANG Bแป Hแป VแบฌT LIแปU XA Xแป BแบฌC NHแบคT THแป TRฦฏแปNG Tแปa lแบกc ngay trung tรขm TP ฤร Nแบตng, The Sang Residence vแปi tแบงm nhรฌn trแปฑc",2,,,,31 (Tแบงng)
,4001230,4.5 (m),4.19 Tแปท,"Chuyแปn qua แป cฤn hแป !! bรกn lแบกi 80mยฒ ฤแบฅt Kiแปt lแปn lแปt 2 Oto ngay Nguyแปn Vฤn Thoแบกi.Kiแปt rแปng thoรกng, hฦกn 4m, cรกch ฤฦฐแปng chรญnh chแป 44m thรดiKhu sแบงm uแบฅt, ฤแป ฤn ฤรดn",,4.1 (m),,,
,4000417,,2.39 Tแปท,"Do sแป lฦฐแปฃng ngฦฐแปi trong gia ฤรฌnh tฤng lรชn, khรดng ฤแปง dรนng nรชn em cแบงn nhฦฐแปฃng lแบกi cฤn hแป thuแปc toร B- Fhomeฤรฃ cรณ sแป ฤแป ฤแบงy ฤแปง.Cฤn hแป em loแบกi 2PN, diแปn tรญch 70mยฒG",,,,,
,3816144,5.5 (m),585 Triแปu,"Tรดi cแบงn tiแปn nรชn bรกn gแบฅp lรด gรณc 168m2 mua ฤแป ฤแบงu tฦฐ vแปi giรก tแปt, hแป trแปฃ vay ngรขn hรng 50% hoแบทc thanh toรกn trong vรฒng 12 thรกng.Vแป trรญ ฤแบฅt ngay khu dรขn cฦฐ, tiแปn",,6 (m),,,
,3762141,12 (m),499 Triแปu,Chแป Linh ฤi xa nรชn cแบงn bรกn lแบกi lรด ฤแบฅt cho ai muแปn ฤแบงu tฦฐ chแป 499 triแปu trฦฐแปc 25/6 0919 271 221- Diแปn tรญch: 179m2 (6x30m). - ฤฦฐแปng 12m. - Giรก: 499 triแปu bao sแป,,6 (m),,,
,3762148,6 (m),485 Triแปu,Dรnh cho khรกch ฤแบงu tฦฐ tรi chรญnh 500 triแปu sแป hแปฏu ngay ฤแบฅt nแปn cรณ sแป ฤแป 0919 271 221- Diแปn tรญch: 179m2 (6x30m). - ฤฦฐแปng 12m. - Giรก: 490 triแปu bao sแป. - Ngay mแบท,,6 (m),,,
2,4019896,,0 Triแปu,"Cฤn hแป The Sang Residence โ ฤแบณng cแบฅp tแปซ tiแปn รญch โ Sแป lฦฐแปฃng hแปฏu hแบกn.- Sแบฃn phแบฉm: cฤn hแป View trแปฑc diแปn biแปn Mแปน Khรช, hoรn thiแปn tiรชu chuแบฉn 5 Sao, nแปi thแบฅt nhแบญp ",2,,,,31 (Tแบงng)
,4006624,5 (m),4.19 Tแปท,"Cแบงn xรขy nhร bรชn Nam Viแปt ร Nรชn bรกn lแบกi lรด ฤแบฅt kiแปtDiแปn tรญch 90m2 Thรดng 2 ฤแบงu Nguyแปn Duy Hiแปu vร Nguyแปn Vฤn ThoแบกiKiแปt Oto to ฤแบงy ฤแปง gแบงn chแปฃ, trฦฐแปng hแปc, quรกn ฤ",,,ฤรดng,,
,4002536,4.5 (m),4.19 Tแปท,Ba mแบน cho nhฦฐng em thรญch แป cฤn hแป nรชn bรกn ฤแป mua lแบกi cฤn hแป.Dt: 90mยฒ Kiแปt oto 4.5m Thรดng 2 ฤแบงu nguyแปn vฤn thoแบกi vร cแบฃ Nguyแปn Duy Hiแปu.cรกch ฤฦฐแปng chรญnh 40mฤแบงy ,,4.1 (m),,,
,3764955,12 (m),400 Triแปu,"Anh chแป cรณ thแบฅy lรด ฤแบฅt nแปn แป ฤรขu giรก chแป 435 triแปu mร cรณ nhแปฏng tiรชu chรญ sau ฤรขy:  Quy hoแบกch ฤแปng bแป, trong dแปฑ รกn hoรn thiแปn hแบก tแบงng.  Nแบฑm ngay vแป trรญ ฤแบฏc ฤแปa ",,6 (m),,,
,3973883,23 (m),2.65 Tแปท,"Chรญnh chแปง, cแบงn xรขy nhร nรชn bรกn nhanh nhร biแปt thแปฑ xรขy kiรชn cแป cรณ sรขn vฦฐแปn giรก chแป 2.65 Tแปทฤฦฐแปng rแปng: 23.5m2Hฦฐแปng ฤรดng, Ngang 6m ฤแบนpXรกt trฦฐแปng ฤแบกi hแปc FPT, vร ",,6 (m),,,
2,4019793,5.5 (m),4.35 Tแปท,"- Bรกn nhร 3 tแบงng vแป trรญ sรกt biแปn Nguyแปn Tแบฅt Thรnh mรกt mแบป quanh nฤm.   Tแบงng 1: Gara, khรกch bแบฟp, wc.   Tแบงng 2: 3 phรฒng ngแปง. Wc   Tแบงng 3: phรฒng thแป, sรขn phฦกi. - ",3,4.5 (m),Tรขy bแบฏc,1 (Chแป),3 (Tแบงng)
,4019767,30 (m),11 Tแปท,"Cแบงn tแบฅt toรกn ngรขn hรng, gia ฤรฌnh bรกn lรด Biแปt thแปฑ mแบทt tiแปn ฤฦฐแปng ฤรo Duy Tรนng, quแบญn Ngลฉ Hรnh SฦกnDiแปn tรญch: 375m2 (15x25m)Mแบทt ฤฦฐแปng ฤรดi rแปngo 30m, vแปa hรจ 5mฤแปi ",,15 (m),,,
4,4019747,15 (m),12 Tแปท,"Chรญnh chแปง cแบงn bรกn 350m2 ฤแบฅt biแปt thแปฑ, ฤฦฐแปng 7m5, hรจ 4m, nแบฑm sรกt sรดng Cแป CรฒMแบทt tiแปn rแปng 15m, mแบทt lฦฐng giรกp kรชnh, ฤรฃ kรจ, trแปng cรขy sแบกch ฤแบนpTrรชn ฤแบฅt ฤรฃ cรณ nhร x",3,15 (m),,,3 (Tแบงng)
,3877662,33 (m),28.5 Tแปท,"CHรNH CHแปฆ ฤแปNH Cฦฏ NฦฏแปC NGOรI BรN GแบคP NHร ฤแบธP - GIร Rแบบ MT NGUYแปN HแปฎU THแป- Diแปn tรญch ฤแบฅt: 125 m2 (5x25) - DTSD: 695,5 m2 quรก rแปng rรฃi- Nhร 6 tแบงng 6 mรช ฤรบc kiรชn ",6,5 (m),Tรขy Nam,4 (Chแป),6 (Tแบงng)
3,4019699,20 (m),11.6 Tแปท,"Chรญnh chแปง cแบงn bรกn lแบกi cฤn Biแปt Thแปฑ 5 sao "" mแบทt sรดng, kแป biแปn cแบกnh Khu Ocean Villas, phiรชn bแบฃn giแปi hแบกn, kiแบฟn trรบc thแปi thฦฐแปฃng ฤแปc ฤรกo.- Cฤn biแปt thแปฑ sแป hแปฏu vแป",3,15 (m),,,3 (Tแบงng)
,4019657,48 (m),66.1 Tแปท,"$$$$$ Mแบฃnh ฤแบฅt duy nhแบฅt diแปn tรญch khแปงng khoแบฃng gแบงn 500m2 cรฒn lแบกi trรชn ฤฦฐแปng 30.4, giรก CC 66.1x tแปท, phฦฐแปng Hรฒa Cฦฐแปng Bแบฏc, quแบญn Hแบฃi Chรขu, TP ฤร Nแบตng.  100% ฤแบฅt ",,15 (m),,,
,4019518,,1.65 Tแปท,"ยBรN CฤN Hแป FPT ฤร Cร Sแป HแปNG! Giรก 1tแปท 650. Ngay Trung tรขm ฤร Nแบตng.- Bรกn cฤn gรณc tแบกi Cฤn hแป FPT Plaza1 ฤร Nแบตng - quแบญn Ngลฉ Hรnh Sฦกn, cรกch biแปn Tรขn Trร 1km!- Cฤ",,,,,
2,4019450,7 (m),3800 Triแปu,-CHแปง sang mแปน ฤแปnh cฦฐ nรชn bรกn cฤn nhร tรขm huyแบฟt แป kiแปt Ngรด Thรฌ Nhแบญm -Hoร Minh -Liรชn chiแปu&nbsp;- Nhร cรฒn rแบฅt mแปi full nแปi thแบฅt&nbsp;-Nhร cรณ sแบตn cฦก sแป kinh doan,4,4 (m),,1 (Chแป),3 (Tแบงng)
,4019210,,1.65 Tแปท,"- Giแบฃm thรชm 8% cho khรกch mua trong thรกng 12.- Hแป trแปฃ chแปn cฤn ฤแบนp miแปn phรญ.- Phรกp lรฝ sแป ฤแป sแป hแปฏu lรขu dรi.- Gแบงn trฦฐแปng cao ฤแบณng, trฦฐแปng quแปc tแบฟ, bแปnh viแปn, si",,,,,15 (Tแบงng)
,4018934,,2.7 Tแปท,"Cแบงn tiแปn nhแบญp hรng tแบฟt nรชn bรกn nhanh lรด Phan Thanh Giแบฃn khu ฤรด thแป 1BCแบงn bรกn trฦฐแปc tแบฟt nรชn ฤแป lแบกi giรก hแปฏu nghแปDiแปn tรญch 150m2 giรก chแป 2,7 tแปทฤฦฐแปฃc xรขy dแปฑng full",,,,,
2,4019160,2 (m),3.2 Tแปท,"ยCแบงn bรกn nhร 3 tแบงng 3 mรช kiแปt Tรดn ฤแปฉc Thแบฏng, Hoร Minh, Liรชn Chiแปu.ยDiแปn tรญch 63m2 ngang 5,6m- Tรขy Nam- Nhร cรณ 2 Phรฒng ngแปง, phรฒng khรกch, phรฒng bแบฟp, toilet.ย- C",2,5.5 (m),Tรขy Nam,,3 (Tแบงng)
5,4018997,15 (m),15 Tแปท,"Chรญnh chแปง cแบงn bรกn 1 trong 96 cฤn nhร phแป Chรขu รu, sรกt cแบกnh Sรดng HรnDiแปn tรญch: 120m2, mแบทt tiแปn 6mXรขy dแปฑng: 411m2 sแปญ dแปฅng, 4 tแบงng, thiแบฟt kแบฟ ฤแบณng cแบฅp Chรขu รu, qu",4,6 (m),,2 (Chแป),4 (Tแบงng)
,4018931,,1.65 Tแปท,"Cฤn hแป FPT Plaza 1, cแบงn bรกn nhanh nhแปฏng cฤn vแป trรญ siรชu ฤแบนpCฤn hแป ฤร Nแบตng sแป hแป lรขu dรi - sแป hแปฏu vฤฉnh viแปnCฤn 2PN - 69m2 tแบงng 10 view nรบi Ngลฉ Hรnh Sฦกn, cแบกnh s",,,,,
,4018841,,1.7 Tแปท,"Chรญnh chแปง cแบงn tiแปn bรกn lแบกi cฤn hแป FPT Plaza 1 ฤรฃ bรn giao sแป ฤแปDiแปn tรญch 69,3m2 cรดng nฤng 2PN, 2WCView nรบi ngลฉ hรnh sฦกn, bรชn cแบกnh sแบฃnh thรดng tแบงngMua dแปn vรo แป",,,,,
,3993614,,3.25 Tแปท,Cแบงn tiแปn gแบฅp nรชn bรกn nhanh lรด ฤแบฅt KฤT FPT City. trong ngรy ฤแป giแบฃi quyแบฟt viแปc. Rแบป hฦกn thแป trฦฐแปng gแบงn 300tr nรชn anh chแป nรo ฤแบงu tฦฐ thรฌ tranh thแปง mua vรo ฤแบฃm bแบฃ,,,,,
,4001012,,2.7 Tแปท,Khรดng bรขy giแป thรฌ bao giแป?Cแบญp nhแบญt bแบฃng hรng ฤแบฅt nแปn thรกng 9 - thรกng 10/2022 nhแปฏng lรด sแบญp hแบงm khu FPT ฤร Nแบตng. Khรกch hรng bแป lแปก thแปi ฤiแปm nรy thรฌ khรณ cรณ thแป t,,,,,
,4002662,,1.55 Tแปท,"Bรกn cฤn hแป FPT Plaza 2. Giรก trแปฑc tiแบฟp chแปง ฤแบงu tฦฐ, hแป trแปฃ vay Ngรขn Hรng.Cฤn hแป ven biแปn vแป trรญ vรng 5 sao nhฦฐng giรก cแปฑc kรฌ bรฌnh dรขn, hแปฃp tรบi tiแปn cแปงa cรกc cแบทp ฤ",,,,,
,3955943,,1.6 Tแปท,Chแป cแบงn 600 triแปu sแป hแปฏu cฤn hแป biแปn cao cแบฅp ฤร Nแบตng. Ngรขn hรng hแป trแปฃ vay 70%. Sแป hแปng vฤฉnh viแปn.- Liรชn hแป ngay ฤแป ฤฦฐแปฃc tฦฐ vแบฅn: 0966.456.877- Mua nhanh ฤแป ฤฦฐ,,,,,
,3992807,,5.3 Tแปท,- FPT City trแปฑc thuแปc quแบญn Ngลฉ Hรnh Sฦกn cแปงa ฤร Nแบตng lร 1 trong cรกc quแบญn sแป hแปฏu mแบทt tiแปn biแปn cแปงa thรnh phแป. ฤแบทc biแปt lร quแบญn duy nhแบฅt tแบญp trung cแบฃ 2 tiแปm nฤng,,,,,
,3999506,,1.8 Tแปท,"ยSแป hแปฏu ngay cฤn hแป 2 phรฒng ngแปง FPT Plaza ฤร Nแบตng, view biแปn, ฤฦฐแปng Vรต Chรญ Cรดng, ngรขn hรng hแป trแปฃ vay 70%ย- FPT Plaza 2 nแบฑm แป vแป trรญ trung tรขm cแปงa khu ฤรด thi ",,,,,
,3989103,,5.3 Tแปท,Lร khu ฤรด thแป ฤแบงu tiรชn cแปงa ฤร Nแบตng ฤรฃ cรณ ฤแบงy ฤแปง trฦฐแปng tแปซ mแบงm non ฤแบฟn ฤแบกi Hแปc ฤรo tแบกo theo tiรชu chuแบฉn quแปc tแบฟ. Khu ฤรด thแป FPT sแป hแปฏu ฤฦฐแปฃc 1km mแบทt tiแปn sรดng Cแป,,,,,
,3951295,,4.312 Tแปท,Phรขn khu R3 Khu ฤรด Thแป FPT City ฤร Nแบตng. ฤรฃ cรณ sแป cรดng chแปฉng ngay.- Hรng Chแปง ฤแบงu Tฦฐ bao thuแบฟ ra sแป cho khรกch hรng----------------||--------------||-----------,,,,,
,3957407,,1.6 Tแปท,Bรกn cฤn hแป Chung cฦฐ cao cแบฅp FPT Plaza. ฤร Nแบตng.- Hฦฐแปng: View nรบi Ngลฉ Hรnh Sฦกn vร biแปn Sฦกn Trร.- Tแบงng: Gแปm 25 tแบงng trong ฤรณ cรณ 2 tแบงng hแบงm vร 23 tแบงng nแปi.- Phรฒn,,,,,
,3969983,,1.897 Tแปท,Chung cฦฐ cao cแบฅp FPT Plaza quแบญn Ngลฉ Hรnh Sฦกn - ฤร Nแบตng. hแป trแปฃ vay ngรขn hรng ฤแบฟn 70%- Hฦฐแปng: ฤรดng Nam- Tแบงng: Gแปm 25 tแบงng trong ฤรณ cรณ 2 tแบงng hแบงm vร 23 tแบงng nแปi,2,,,,
,3995026,,12.799 Tแปท,Bรกn cฤn nhร tรขm huyแบฟt mแบทt Tiแปn Lรช Vฤn Duyแปt. ฤร Nแบตng view sรดng Hรn thoรกng mรกt.ย**** Thแปi ฤiแปm kinh tแบฟ cรฒn khรณ khฤn cแบงn bรกn gแบฅp nhร 3 tแบงng thuแปc khu Marina Com,,,,,
,3967939,,1.85 Tแปท,"Bรกn Chung cฦฐ cao cแบฅp FPT quแบญn Ngลฉ Hรnh Sฦกn - ฤร Nแบตng.- Hฦฐแปng: View biแปn.- Tแบงng: Gแปm 25 tแบงng trong ฤรณ cรณ 2 tแบงng hแบงm vร 23 tแบงng nแปi.- Phรฒng ngแปง: Thiแบฟt Kแบฟ 2PN, 2",,,,,
,3995836,,11250 Triแปu,"Cho thuรช nhร Mแบทt tiแปn ฤฦฐแปng 7m5 Trฦฐng Nแปฏ Vฦฐฦกng, Hแบฃi Chรขu, ฤN ( gแบงn Cแป Viแปn Chรm & Cแบงu Rแปng )Diแปn tรญch ฤแบฅt 125m2 ( 5m x 25m ). DTSD 375m2Nhร 3 tแบงng 3 mรช thoรกng",,,,,
,3996568,,150 Tแปท,Chรญnh chแปง bรกn lรด ฤแบฅt mแบทt tiแปn Lรขm Hoรnh. ฤร Nแบตng- Ngay bรฃi Biแปn Mแปน khรช ฤฦฐแปฃc mรชnh danh lร TOP 10 bรฃi biแปn ฤแบนp nhแบฅt thแบฟ giแปi vรi bฦฐแปc chรขn.- Nฦกi tแบญp trung cรกc k,,,,,
,3998552,,1.8 Tแปท,"Bรกn cฤn hแป FPT Plaza 2. ฤร Nแบตng, giรก trแปฑc tiแบฟp chแปง ฤแบงu tฦฐ, thรกng 2 2023 bรn giao vรo sแปญ dแปฅng.* FPT Plaza 2 nแบฑm แป vแป trรญ trung tรขm cแปงa khu ฤรด thi Cรดng nghแป FPT",,,,,
,3969983,,1.897 Tแปท,Chung cฦฐ cao cแบฅp FPT Plaza quแบญn Ngลฉ Hรnh Sฦกn - ฤร Nแบตng. hแป trแปฃ vay ngรขn hรng ฤแบฟn 70%- Hฦฐแปng: ฤรดng Nam- Tแบงng: Gแปm 25 tแบงng trong ฤรณ cรณ 2 tแบงng hแบงm vร 23 tแบงng nแปi,2,,,,
,3971062,,1.6 Tแปท,"* FPT Plaza 2 nแบฑm แป vแป trรญ trung tรขm cแปงa khu ฤรด thi Cรดng nghแป FPT ฤร Nแบตng, toแบก lแบกc trรชn phแป thฦฐฦกng mแบกi Vรต Chรญ Cรดng nhแปn nhแปp, sแบงm uแบฅt nhแบฅt trong khu vแปฑc. Cรกch",,,,,
,3967939,,1.85 Tแปท,"Bรกn Chung cฦฐ cao cแบฅp FPT quแบญn Ngลฉ Hรnh Sฦกn - ฤร Nแบตng.- Hฦฐแปng: View biแปn.- Tแบงng: Gแปm 25 tแบงng trong ฤรณ cรณ 2 tแบงng hแบงm vร 23 tแบงng nแปi.- Phรฒng ngแปง: Thiแบฟt Kแบฟ 2PN, 2",,,,,
,3962741,,1.55 Tแปท,Mแป bรกn tรฒa cฤn hแป FPT Plaza 2. ฤร Nแบตng. Giรก trแปฑc tiแบฟp tแปซ chแปง ฤแบงu tฦฐ* Vแป trรญ lรฝ tฦฐแปng giao thรดng thuแบญn tiแปn.- Nแบฑm giแปฏa hai trung tรขm du lแปch lแปn vร dแปc theo tu,,,,,
2,4005083,,1.7 Tแปท,"*** Sรกng ฤรณn nแบฏng ban mai tแปซ biแปn, chiแปu ngแบฏm hoรng hรดn thฦก mแปng bรชn sรดng, mแปt dแปฑ รกn hแปi tแปฅ ฤแบงy ฤแปง tinh hoa vร tinh tรบ nhแบฅt cแปงa ฤแบฅt trแปiย- Chแป cรณ duy nhแบฅt tแบกi",2,,,,
,3995836,,11250 Triแปu,"Cho thuรช nhร Mแบทt tiแปn ฤฦฐแปng 7m5 Trฦฐng Nแปฏ Vฦฐฦกng, Hแบฃi Chรขu, ฤN ( gแบงn Cแป Viแปn Chรm & Cแบงu Rแปng )Diแปn tรญch ฤแบฅt 125m2 ( 5m x 25m ). DTSD 375m2Nhร 3 tแบงng 3 mรช thoรกng",,,,,
,3997521,,2.55 Tแปท,Chรo Bรกn Nhร 2 Tแบงng Kiแปt 351 Nguyแปn phฦฐแปc Nguyรชn .ฤร Nแบตngย- Sรกt Chแปฃ Thแบฃm len. vแป trรญ Gแบงn ฤฦฐแปng. oto ฤแบญu ฤแป Sรกt Nhร .Khu Dรขn Trรญ Thรขn Thiแปn .- Nhร Thiแบฟt kแบฟ Xin,,,,,
,4004756,,2.7 Tแปท,"Chแป vแปi 2tแปท7 sแป hแปฏu ngay lรด ฤแบฅt KฤT FPT ฤร Nแบตng. Sang - Sแบกch - ฤแบนp- Lรด ฤแบฅt B2.125 cรณ dt 6x17=102m quay vแป hฦฐแปng Tรขy Nam- Nแบฟu ko ฤแบงu tฦฐ mua ฤi bรกn lแบกi, quรฝ khรก",,,,,
,4000045,,1.55 Tแปท,"ยMแป bรกn cฤn hแป FPT Plaza 2. ฤร Nแบตng, giรก trแปฑc tiแบฟp chแปง ฤแบงu tฦฐ. Hแป trแปฃ vay 70%. Thรกng 2 nฤm sau bรn giao nhร cho khรกch hรng.*** Cฤn hแป ven biแปn vแป trรญ vรng 5 s",,,,,
,4010163,,1.57 Tแปท,"*** Sแป hแปฏu ngay cฤn hแป 2 phรฒng ngแปง FPT Plaza ฤร Nแบตng, view biแปn, ฤฦฐแปng Vรต Chรญ Cรดng, ngรขn hรng hแป trแปฃ vay 70%ย- FPT Plaza 2 nแบฑm แป vแป trรญ trung tรขm cแปงa khu ฤรด t",2,,,,
,4014402,15 (m),36 Tแปท,Bรกn cแบทp ฤแบฅt vip ฤฦฐแปng Trแบงn Hฦฐng ฤแบกo - Sฦกn Trร - ฤร Nแบตng.- Giรก: 36 tแปท cรณ thฦฐฦกng lฦฐแปฃng thรชm.- Diแปn tรญch: 10x20 = 200m.- Hฦฐแปng: ฤรดng.- Phรกp lรฝ: Sแป hแปng.- ฤฦฐแปng: ,,,,,
4,4018694,55 (m),5200 Triแปu,"bรกn nhร 3 tแบงng mat tien&nbsp;ฤฦฐแปng hoร minh 15, liรชn chieu ฤร nแบตng , diแปn tรญch 74,5m , sแปญ dแปฅng 202m hฦฐแปng ฤรดng , ngang 5.5m,dai 13m huong dong&nbsp;bแบฏc, 3phรฒn",3,55 (m),,,3 (Tแบงng)
2,4018681,7.5 (m),6.5 Tแปท,"Cแบงn bรกn nhร mแบทt tiแปn ฤฦฐแปng Nguyแปn ฤแปฉc An, quแบญn Sฦกn Trร, ฤร Nแบตng. Nhร cแปญa rแปng rรฃi thoรกng mรกt, cรณ nhiแปu cรขy xanh. 3 phรฒng ngแปง, 2 WC, 1 phรฒng khรกch, 1 phรฒng bแบฟp",3,,,,3 (Tแบงng)
2,4018662,33 (m),1.45 Tแปท,"Cฤn hแป ven biแปn vแป trรญ vรng 5 sao nhฦฐng giรก cแปฑc kรฌ bรฌnh dรขn, hแปฃp tรบi tiแปn cแปงa cรกc cแบทp ฤรดi trแบป, chแป cแบงn thanh toรกn 30% kรญ ngay hแปฃp ฤแปng mua bรกn, tiแบฟn ฤแป thanh ",2,,,,
5,4018272,10.5 (m),116 Triแปu,"Kแปท niแปm 11 nฤm thรnh lแบญp, Tแปng cรดng ty ฤแบฅt Xanh Miแปn Trung thรขn TแบถNG Quรฝ Khรกch hรng, Quรฝ ฤแปi tรกc 11 CฤN SHOPHOUSE REGAL PAVILLON chuแบฉn 5* Quแปc tแบฟ vแปi mแปฉc giรก ",4,6 (m),,,4 (Tแบงng)
2,4017948,,3.8 Tแปท,"๐ฅ๐ฅCฤn Hแป CaoCแบฅp View Biแปn Mแปน Khรช ฤร Nแบตng, ฤแปi diแปn Furama Resortย Sแป Hแปng Vฤฉnh Viแปn๐ฅ๐ฅ๐ Mแป bรกn cฤn hแป tแปซ 1 ฤแบฟn 3 phรฒng ngแปง, bao trแปn view ฤร Nแบตng, bรชn bรฃi",3,,Tรขy,2 (Chแป),
,3810082,33 (m),18.9 Tแปท,"CHรNH CHแปฆ CแบฆN BรN NHANH 2 MแบถT TIแปN NAM TRรN - GIร Rแบบ NHแบคT KHU VแปฐC- Diแปn tรญch ฤแบฅt: 203,7 m2 - ngang 8m dรi 25m - 2 mแบทt tiแปn ฤฦฐแปng lแปn quรก ฤแบนp- Ngay mแบทt tiแปn Na",,8 (m),ฤรดng bแบฏc,4 (Chแป),
,4009371,7.5 (m),7.9 Tแปท,CแบฆN BรN GแบคP Lร ฤแบคT ฤแบธP MแบถT TIแปN NGUYแปN BรNH - SรT NGร Tฦฏ - NGAY Dแปฐ รN REGAL PAVILLON ฤร HOรN THIแปN BรN GIAO- Diแปn tรญch ฤแบฅt: 100 m2 (5x20) - hฦฐแปng ฤรดng Bแบฏc- Vแป,,5 (m),,4 (Chแป),
,4015752,5.5 (m),2500 Triแปu,"Chแป 2.5 Tแปท  Khu vแปฑc dรขn trรญ cao, phรกp triแปn mแบกnh. Gแบงn ngay trฦฐแปng ฤแบกi Hแปc Duy Tรขn, ฤH Thแป dแปฅc thแป thao ฤร Nแบตng, Trung Tรขm Giรกo dแปฅc Quแปc phรฒng vร An Ninh, Trun",,5 (m),,3 (Chแป),
,4014588,,12000 Triแปu,"- Bรกn ฤแบฅt biแปt thแปฑ ฤฦฐแปng Thรกi Vฤn Lung,Hรฒa Xuรขn,Cแบฉm Lแป- Diแปn tรญch ฤแบฅt : 307m2 ( Ngang 15m x Dรi 20.44m)- Hฦฐแปng Tรขy Nam- Block B2.53- Vแป trรญ sรกt gรณc ฤฦฐแปng Nguy",,,,,
4,3973038,5.5 (m),6.35 Tแปท,BรN NHร 3 TแบฆNG MแบถT TIแปN Bแบพ VฤN ฤรN - HรNG HIแบพM GIร ฤแบฆU Tฦฏ- DT ฤแบฅt:ย ยย75 m2ยย(5x15) - DTS: 237 m2 - hฦฐแปng Nam mรกt mแบป- Nhร 3 tแบงng kiรชn cแป vแปi phรฒng ngแปง - 4wc -,4,5 (m),Nam,1 (Chแป),3 (Tแบงng)
4,3961948,10.5 (m),16 Tแปท,"BรN NHร 4 TแบฆNG MแบถT TIแปN Lร Tแปฐ TRแปNG - GIร ฤแบฆU Tฦฏ CแปฐC TแปT- Diแปn tรญch ฤแบฅt:ย ย89,7 m2 nแป hแบญu quรก ฤแบนpย - hฦฐแปng Nam vร kแบนp kiแปt rแปng bรชn hรดng rแบฅt thoรกng mรกt- Nhร 4",5,,ฤรดng nam,3 (Chแป),4 (Tแบงng)
4,4012673,4 (m),4.2 Tแปท,BรN GแบคP NHร 4 TแบฆNG 2 MแบถT KIแปT HOรNG DIแปU - NHร ฤแบธP GIร Rแบบ- DT ฤแบฅt: 50m2 vuรดng vแปฉc - DT sรn: 156m2 - hฦฐแปng ฤรดng vร Nam thoรกng mรกt- Nhร 2 mแบทt kiแปt - 4 tแบงng vแปi ,3,4.4 (m),,,4 (Tแบงng)
3,3971128,7 (m),5.35 Tแปท,"BรN NHร 4 TแบฆNG KIแปT ร Tร 7M HOรNG DIแปU - GIร Rแบบ CรN ฤฦฏแปขC TแบถNG 3 CฤN Hแป SแบCH ฤแบธP- Diแปn tรญch ฤแบฅt: 54 m2 - ngang 4,2m vuรดng vแปฉc - hฦฐแปng Bแบฏc mรกt mแบป- Nhร 4 tแบงng ki",3,4.2 (m),Bแบฏc,1 (Chแป),4 (Tแบงng)
3,3970687,10.5 (m),16.5 Tแปท,"BรN ฤแบคT TแบถNG NHร MT Hร HUY TแบฌP - NHร TO GIร NHแป CรN THฦฏฦNG LฦฏแปขNG- Diแปn tรญch ฤแบฅt: 160 m2 - ngang 5,7m nแป hแบญu thรnh 6,2m phong thแปงy quรก ฤแบนp- Tแบทng nhร kiรชn cแป, ฤ",4,5.7 (m),ฤรดng,4 (Chแป),
4,3957159,10.5 (m),11 Tแปท,"CHรNH CHแปฆ CแบฆN BรN NHร MT ฤฦฏแปNG Hแป QUร LY - HรA MINH - LIรN CHIแปU - GIร ฤแบฆU Tฦฏ- Diแปn tรญch ฤแบฅt:ย ยย101,2 m2ย ย - ngang 4,5m vuรดng vแปฉc - DTS: 254,2 m2 quรก rแปng r",3,4.5 (m),,4 (Chแป),3.5 (Tแบงng)
5,3953697,5.5 (m),18 Tแปท,"BรN BIแปT THแปฐ 3 TแบฆNG SIรU ฤแบธP MแบถT TIแปN NGร THแบพ VINH - GIร BรN ฤแบคT TแบถNG BIแปT THแปฐ- Diแปn tรญch ฤแบฅt: 218 m2 (10x21,8) - DTSD: 587,2 m2- Biแปt thแปฑ 3 tแบงng lแปch tuyแปt ฤ",5,10 (m),Tรขy Nam,4 (Chแป),3 (Tแบงng)
3,3955081,10.5 (m),14.5 Tแปท,"CแบฆN BรN NHANH NHร 2 TแบฆNG MแบถT TIแปN ฤฦฏแปNG NรI THรNH - HรA CฦฏแปNG BแบฎC - HแบขI CHรU- Diแปn tรญch ฤแบฅt:ย ยย135,5 m2ย ย - ngang 5,37m nแป hแบญu quรก ฤแบนp - hฦฐแปng Tรขy- Nhร 2 tแบง",2,5.37 (m),Tรขy,4 (Chแป),2 (Tแบงng)
,3956093,10.5 (m),13734.3 Triแปu,"BรN Lร GรC ฤฦฏแปNG TรN LฦฏU - PHแบM THแบฌN DUแบฌT - KHU TฤC TรN TRร- Diแปn tรญch ฤแบฅt:ย ยย269,3 m2ย ย- ngang 11,6m nแป hแบญu thรnh 15,8m quรก ฤแบนp- Vแป trรญ cแปฑc ฤแบนp, 2 mแบทt tiแปn",,11.6 (m),,4 (Chแป),
,3966937,5 (m),4.5 Tแปท,"BรN GแบคP Lร ฤแบคT KIแปT 325 HรNG VฦฏฦNG ร Tร VI VUKIแปT ร Tร TO RแปNG THรNG 65 HรM NGHI - KIแปT TO NHฦฏ ฤฦฏแปNG- Diแปn tรญch ฤแบฅt: 93,6 m2 - ngang 4,4m - hฦฐแปng ฤรดng- Kiแปt รด",,4.4 (m),ฤรดng,4 (Chแป),
,3806764,30 (m),11 Tแปท,CHรNH CHแปฆ CแบฆN BรN NHร VฤN PHรNG MT ฤIแปN BIรN PHแปฆ - GIร Rแบบ NHแบคT ฤฦฏแปNG ฤIแปN BIรN PHแปฆ- Diแปn tรญch ฤแบฅt: 100 m2 (5x20) vuรดng vแปฉc- ฤฦฐแปฃc xรขy dแปฑng lรm tรฒa nhร vฤn phรฒn,,5 (m),Tรขy bแบฏc,4 (Chแป),5 (Tแบงng)
,3398673,7.5 (m),9.5 Tแปท,"BรN GแบคP Lร GรC 2 MแบถT TIแปN Lร THแบCH - GIร KHรNG THแป Rแบบ HฦN- Diแปn tรญch ฤแบฅt:ย ยย236 m2; ngangย ย10 mรฉt quรก ฤแบนp, vแปa hรจ rแปng thoรกng thรญch hแปฃp kinh doanh- Vแป trรญ ฤ",,10 (m),,4 (Chแป),
2,3716347,5.5 (m),3.9 Tแปท,CHรNH CHแปฆ CHUYแปN NHร ฤแป TIแปN CรNG VIแปC LรM ฤN NรN CแบฆN BรN NHร 2 TแบฆNG KIรN Cแป- Diแปn tรญch ฤแบฅt: 90 m2 vuรดng vแปฉc - DTSD: 135 m2- Nhร 2 tแบงng kiรชn cแป vแปi 3 phรฒng ng,3,5 (m),ฤรดng nam,4 (Chแป),2 (Tแบงng)
2,3955866,10.5 (m),8.7 Tแปท,BรN NHร 2 TแบฆNG MT HUแปฒNH NGแปC HUแป - NHร ฤแบธP GIร ฤแบฆU Tฦฏ- Diแปn tรญch ฤแบฅt:ย ยย99 m2ย ย - DTSD: 199m2- Nhร 2 tแบงng ฤแบนp - kiรชn cแป - cรฒn rแบฅt mแปi vแปi 4 phรฒng ngแปง (cรณ ph,4,4.5 (m),,2 (Chแป),2 (Tแบงng)
,3936886,7.5 (m),12 Tแปท,"BรN NHร MT TRแบฆN Kแบพ XฦฏฦNG - PHแป แบจM THแปฐC NแปI TIแบพNG ฤร NแบดNG- Diแปn tรญch ฤแบฅt: 55 m2 - ngang 5,25m thoรกng rแปng- Nhร 3,5 tแบงng kiรชn cแป - ฤแบนp - ฤแบงy ฤแปง cรดng nฤng- Nhร k",,5.3 (m),,4 (Chแป),3.5 (Tแบงng)
3,3947513,5.5 (m),10.5 Tแปท,"CHรNH CHแปฆ CแบฆN BรN NHANH NHร 2 MแบถT TIแปN KHU HOร CฦฏแปNG BแบฎCย - HแบขI CHรU - ฤร NแบดNG- DT ฤแบฅt: 110,2 m2 - ngang 6m vแปi 2 mแบทt tiแปn siรชu thoรกng rแปng- Nhร 2,5 tแบงng kiรชn",3,6 (m),,4 (Chแป),2.5 (Tแบงng)
7,3743892,3.75 (m),2.9 Tแปท,"CแบฆN BรN GแบคP DรY TRแป THANH VINH 10 - 7 PHรNG TRแป - GIร Rแบบ NHฦฏ GIร ฤแบคT- Diแปn tรญch ฤแบฅt:ย ย175 m2ยย (7x25) vuรดng vแปฉc- Cร QUY HOแบCH Mแป RแปNG Tแปช ฤฦฏแปNG 3,5M THรNH ฤฦฏแป",7,7 (m),,4 (Chแป),
5,3890219,7.5 (m),9 Tแปท,"BรN NHร TO MแบถT TIแปN NGUYแปN BรNH - GIร SแบฌP SรN- Diแปn tรญch ฤแบฅt: 98 m2 - hฦฐแปng ฤรดng view sรดng Hรn & khu Biแปt thแปฑ SHB- Nhร 5 tแบงng kiรชn cแป vแปi hแป thแปng ฤiแปu hรฒa, b",8,4.9 (m),ฤรดng,4 (Chแป),5 (Tแบงng)
5,3585614,10.5 (m),12.5 Tแปท,"CHรNH CHแปฆ CแบฆN BรN NHร MT Lร THรI TรNG - GIร SIรU HแบคP DแบชN- Diแปn tรญch ฤแบฅt: 129 m2, ngang 6m, dรi 21,5m vuรดng vแปฉc - DTSD: 457 m2- Nhร 4 tแบงng mรช ฤรบc, thiแบฟt kแบฟ hiแป",4,6 (m),ฤรดng nam,4 (Chแป),4 (Tแบงng)
5,3585614,10.5 (m),12.5 Tแปท,"CHรNH CHแปฆ CแบฆN BรN NHร MT Lร THรI TรNG - GIร SIรU HแบคP DแบชN- Diแปn tรญch ฤแบฅt: 129 m2, ngang 6m, dรi 21,5m vuรดng vแปฉc - DTSD: 457 m2- Nhร 4 tแบงng mรช ฤรบc, thiแบฟt kแบฟ hiแป",4,6 (m),ฤรดng nam,4 (Chแป),4 (Tแบงng)
3,3480788,7.5 (m),18 Tแปท,"CHรNH CHแปฆ BรN Lร ฤแบคT TแบถNG NHร CแบคP 4 MT NGUYแปN DUY HIแปU - SฦN TRร- Diแปn tรญch ฤแบฅt: 162,8 m2 - ngang 5,7m nแป hแบญu quรก ฤแบนp- Hฦฐแปng Nam lแปch ฤรดng mรกt mแบป cแบฃ ngรy- Bรกn",4,5.7 (m),ฤรดng nam,4 (Chแป),2 (Tแบงng)
,3817072,5 (m),10.3 Tแปท,"CHรNH CHแปฆ BรN Lร ฤแบคT BIแปT THแปฐ KIแปT 2 ร Tร TRรNH NHAU TRฦฏNG NHแป - HแบขI CHรU- Diแปn tรญch ฤแบฅt: 212 m2 - ngang 8,7m dรi hฦกn 24m quรก ฤแบนp- ฤแบฅt rแปng vuรดng vแปฉc xรขy biแปt",,8.7 (m),ฤรดng nam,4 (Chแป),2 (Tแบงng)
,3876829,7.5 (m),11 Tแปท,"CHรNH CHแปฆ CแบฆN BรN GแบคP Lร GรC SIรU HIแบพM MT PHแบM VแบคN - NGUYแปN ฤแปจC AN- Diแปn tรญch ฤแบฅt: 110 m2 - ngang 6,8m quรก ฤแบนp- Lรด gรณc 2 mแบทt tiแปn siรชu ฤแบนp trung tรขm quแบญn Sฦกn ",,6.8 (m),ฤรดng nam,4 (Chแป),
4,3887130,7.5 (m),18.2 Tแปท,CHรNH CHแปฆ CแบฆN BรN NHร MT THANH THแปฆY - GIร ฤแบฆU Tฦฏ CแปฐC HแบคP DแบชN- Diแปn tรญch ฤแบฅt:ย ย195 m2ยย -ย ยngang 6 mรฉt nแป hแบญu quรก ฤแบนp- Nhร 4 tแบงng kiรชn cแป vแปi ฤแบงy ฤแปง cรกc phรฒn,4,6 (m),ฤรดng nam,4 (Chแป),4 (Tแบงng)
3,3947513,5.5 (m),10.5 Tแปท,"CHรNH CHแปฆ CแบฆN BรN NHANH NHร 2 MแบถT TIแปN KHU HOร CฦฏแปNG BแบฎCย - HแบขI CHรU - ฤร NแบดNG- DT ฤแบฅt: 110,2 m2 - ngang 6m vแปi 2 mแบทt tiแปn siรชu thoรกng rแปng- Nhร 2,5 tแบงng kiรชn",3,6 (m),,4 (Chแป),2.5 (Tแบงng)
5,3890219,7.5 (m),9 Tแปท,"BรN NHร TO MแบถT TIแปN NGUYแปN BรNH - GIร SแบฌP SรN- Diแปn tรญch ฤแบฅt: 98 m2 - hฦฐแปng ฤรดng view sรดng Hรn & khu Biแปt thแปฑ SHB- Nhร 5 tแบงng kiรชn cแป vแปi hแป thแปng ฤiแปu hรฒa, b",8,4.9 (m),ฤรดng,4 (Chแป),5 (Tแบงng)
,3875880,5.5 (m),2.7 Tแปท,"CแบฆN BรN GแบคP Lร ฤแบคT ฤแบธP KIแปT ร Tร - XE TแบขI GแบฆN 6 MรT NGUYแปN VฤN HUแป - GIร SรN BรN NHANH- Diแปn tรญch ฤแบฅt: 99 m2 - ngang 4,6m nแป hแบญu quรก ฤแบนp- Nแบฑm ngay kiแปt รด tรด r",,4.6 (m),ฤรดng bแบฏc,4 (Chแป),
7,3743892,3.75 (m),2.9 Tแปท,"CแบฆN BรN GแบคP DรY TRแป THANH VINH 10 - 7 PHรNG TRแป - GIร Rแบบ NHฦฏ GIร ฤแบคT- Diแปn tรญch ฤแบฅt:ย ย175 m2ยย (7x25) vuรดng vแปฉc- Cร QUY HOแบCH Mแป RแปNG Tแปช ฤฦฏแปNG 3,5M THรNH ฤฦฏแป",7,7 (m),,4 (Chแป),
3,3903812,5.5 (m),5.7 Tแปท,"BรN NHร MแบถT TIแปN NGUYแปN THI - GIร Rแบบ NHแบคT KHU VแปฐC- Diแปn tรญch ฤแบฅt: 70 m2 (4x17,5) - DTSD: 205 m2- Nhร kiรชn cแป 3 tแบงng 3 mรช ฤรบc kiรชn cแป vแปi 3 phรฒng ngแปง - 3 wc - ",3,4 (m),Nam,4 (Chแป),3 (Tแบงng)
4,4011864,5.5 (m),6.5 Tแปท,"BรN NHร 3 TแบฆNG MแปI ฤแบธP SANG MT TRแบฆN QUร KHOรCH - XEM Lร Mร- DT ฤแบฅt: 92,5 m2 (5 x 18,5) - DT sรn: 264 m2- Nhร 3 tแบงng vแปi: Tแบงng 1: Gara รดtรด - phรฒng khรกch - bแบฟp ",4,5 (m),,4 (Chแป),3 (Tแบงng)
,4011617,5.5 (m),5.85 Tแปท,BรN NHร 3 TแบฆNG MแปI 100% ฤแบธP SANG XแปN MT PHร XUรN- DT ฤแบฅt: 75 m2 - hฦฐแปng TรY BแบฎC- Nhร ฤแบนp sang xแปn mแปn vแปi 3 phรฒng ngแปง - 4 wc - ฤแบงy ฤแปง cรดng nฤng & nแปi thแบฅt xแปn,,5 (m),,,
5,4011609,7.5 (m),10.8 Tแปท,"BรN NHร ฤแบธP SANG MT PHร XUรN 3 - 1 CฤN DUY NHแบคT ฤแบธP NHแบคT ฤฦฏแปNG NรY- DT ฤแบฅt: 112,5 m2 (5x22,5) - DT sรn: 352,5 m2 - hฦฐแปng ฤรNG NAM mรกt mแบป- Nhร 4 tแบงng mแปi 100% ",3,5 (m),,4 (Chแป),4 (Tแบงng)
,4011437,,3800 Triแปu,"BรN NHร 3T MแปI CแปจNG KIแปT ร Tร TรN ฤแปจC THแบฎNG THรNG Tแปจ PHรA-&nbsp;DT ฤแบฅt: 76,4 m2 nแป hแบญu quรก ฤแบนp&nbsp;- DT sรn: 163 m2 - hฦฐแปng Tรขy Bแบฏc-&nbsp;Nhร 3 tแบงng 3 mรช vแปi",,,,,
2,4010944,3 (m),2.55 Tแปท,"Kiแปt 3m ฤแป Quang, Lรด Gรณc 2 mแบทt kiแปt, 48m2x2 tแบงng โ Chแป 2.55 tแปท TL (0935621182)- Vแป Trรญ: ฤฦฐแปng ฤแป Quang, Gแบงn Hแป Hรm Nghi, Gแบงn Nguyแปn Vฤn Linh.- Diแปn tรญch : 48m",3,4 (m),,1 (Chแป),2 (Tแบงng)
3,4009732,4 (m),3.1 Tแปท,"Bรกn nhร ฤฦฐแปng Hoรng Diแปu, Quแบญn Hแบฃi Chรขu, ฤร Nแบตng (0935621182):- DT 57m2 Sแป Vuรดng Vแปฉc.- Kรญch thฦฐแปc: 4,3x13,2m- Kแบฟt Cแบฅu: 1 trแปt 2 lแบงu.Mรด tแบฃ:Nhร ฤแบนp 3 tแบงng, 3 Ph",3,4.3 (m),,1 (Chแป),3 (Tแบงng)
4,4008466,33 (m),20 Tแปท,CHรNH CHแปฆ CHUแบจN Bแป ฤแปNH Cฦฏ แป Mแปธ VแปI CON GรI NรN BรN LแบI NGรI NHร XรY DแปฐNG TรM HUYแบพT MแบถT TIแปN ฤIแปN BIรN PHแปฆ- Diแปn tรญch ฤแบฅt: 106 m2 - DT sรn: 333 m2 rแปng thoรกng,5,5 (m),,4 (Chแป),3 (Tแบงng)
3,4008142,10.5 (m),11.5 Tแปท,"GIA ฤรNH Cร VIแปC CแบฆN BรN NHร MT HUแปฒNH NGแปC HUแป - Vแป TRร ฤแบธP NHแบคT ฤฦฏแปNG NรY GIร Rแบบ NHแบคT- Diแปn tรญch ฤแบฅt: 88 m2 - ngang 4,64m kแบนp kiแปt bรชn hรดng thoรกng mรกt- Nhร 3",3,4.64 (m),,4 (Chแป),3 (Tแบงng)
4,4008060,4 (m),4.43 Tแปท,"Chรญnh chแปง cแบงn bรกn nhร ฤฦฐแปng Nรบi Thรnh, Phฦฐแปng Hรฒa Thuแบญn ฤรดng, Quแบญn Hแบฃi Chรขu, ฤร Nแบตng (0935621182):  DT 58m2 ngang 4,5m Nแป Hแบญu  Kแบฟt cแบฅu: 1 trแปt, 2 lแบงu, 3PN khรฉ",3,4.5 (m),,1 (Chแป),3 (Tแบงng)
4,4007974,5 (m),4.4 Tแปท,"Bรกn nhanh cฤn nhร tuyแปt ฤแบนp kiแปt Oto ฤฦฐแปng Nรบi Thรnh, Hแบฃi Chรขu, ฤร Nแบตng (0935621182):  Diแปn tรญch: 4,7*12m=57m2, Sแป Vuรดng Vแปฉc.  Kแบฟt cแบฅu: Nhร 3 tแบงng (1 trแปt, 2 ",3,4.7 (m),,1 (Chแป),3 (Tแบงng)
3,4007498,6 (m),4.2 Tแปท,"Bรกn gแบฅp cฤn nhร kiแปt 2 Xe Hฦกi trรกnh nhau ฤฦฐแปng Lรช ฤรฌnh Lรฝ, ฤร Nแบตng (0935621182):- DT: 75m2 (4,5*16,5m), 3PN.- Kiแปt rแปng thรชnh thang, 2 Xe Tแบฃi trรกnh nhau, Xe H",3,5 (m),,2 (Chแป),2 (Tแบงng)
4,4007383,5 (m),4.05 Tแปท,"Bรกn nhanh cฤn nhร kiแปt Xe Hฦกi ฤฦฐแปng Nguyแปn Tri Phฦฐฦกng, ฤร Nแบตng (0935621182):Mรด Tแบฃ:  DT 58m2 (5*11,5m), DTSD 175m2  Kแบฟt Cแบฅu: 1 Trแปt 2 Lแบงu โ 3 Mรช ฤรบc chแบฏc chแบฏn.",3,5 (m),,1 (Chแป),3 (Tแบงng)
,3947523,10.5 (m),5 Tแปท,"CHรNH CHแปฆ KแบธT TIแปN NGรN HรNG BรN GแบคP Lร GรC ฤฦฏแปNG Vร DUY DฦฏฦNG - GIร SIรU MแปM- Diแปn tรญch ฤแบฅt: 167 m2 - ngang 8,5m rแปng thoรกng- Vแป trรญ 2 mแบทt tiแปn ฤฦฐแปng Vรต Duy ",,8.5 (m),,,
,4007226,7.5 (m),12 Tแปท,"CแบฆN BรN NHANH Lร GรC 2 MแบถT TIแปN ฤฦฏแปNG Lร NHรN TรNG - HรA CฦฏแปNG BแบฎC - HแบขI CHรU - HรNG HIแบพM- Diแปn tรญch ฤแบฅt:ย ย151 m2ยย (7,5x20,4) rแปng thoรกng- Lรด gรณc 2 mแบทt tiแปn",,7.5 (m),,4 (Chแป),
3,4006974,4 (m),4.1 Tแปท,"Bรกn nhร ฤฦฐแปng Nรบi Thรnh, Hแบฃi Chรขu, ฤร Nแบตng (0935621182):- DT 73m2 ngang 4,5m, nhร 3 tแบงng 3 mรช ฤรบc chแบฏc chแบฏn kiรชn cแป.- 3PN, 3WC, P.Khรกch, P.Bแบฟp, P.Thแป, Sรขn Thฦฐ",3,5 (m),,1 (Chแป),3 (Tแบงng)
,3825219,33 (m),758 Triแปu,Gia ฤรฌnh cแบงn tiแปn bรกn gแบฅp 2 lรด ฤรดi kแป gรณc cแปฑc ฤแบนp- Mแบทt tiแปn ฤฦฐแปng Quแปc Lแป thuแบญn tiแปn kinh doanh - Ngay trung tรขm thแป trแบฅn ---------- Diแปn tรญch: 360m2 (2 lรด ฤรด,,12 (m),ฤรดng,,
,3785370,14 (m),585 Triแปu,Thแปฑc sแปฑ rแบฅt tรขm huyแบฟt vแปi lรด GรC nรy vรฌ cแบงn tiแปn nรชn phแบฃi bรกn Gแบฅp- Diแปn tรญch: 212m2 - ฤฦฐแปng: 14m - Giรก: 585tr (Bao Sแป cho khรกch thiแปn chรญ)   Vแป trรญ ngay trung,,8 (m),,,
3,4006678,4 (m),4.15 Tแปท,"Bรกn nhร ฤฦฐแปng Trฦฐng Nแปฏ Vฦฐฦกng, Hแบฃi Chรขu, gแบงn Cรดng viรชn APEC (0935621182):- Kรญch thฦฐแปc: 4,3x17,5m=75m2, Lรด gรณc 2 mแบทt kiแปt thoรกng mรกt sแบกch sแบฝ.- Kแบฟt cแบฅu 3 tแบงng, 3",3,5 (m),,1 (Chแป),3 (Tแบงng)
,3944481,7 (m),4400 Triแปu,Chรญnh thแปฉc mแป bรกn phรขn khu ฤแบงm Sen - Nam Hรฒa Xuรขn ฤร Nแบตng.Chแปง ฤแบงu tฦฐ : SUN GROUP ( uy tรญn bแบญc nhแบฅt Viแปt Nam )Khu vแปฑc mแป bรกn :Diแปn tรญch : 100m - 125m - 150mฤฦฐแป,,5 (m),ฤรดng nam,,
,3991199,7 (m),5000 Triแปu,"Chแปง ฤแบงu tแปซ : Tแบญp ฤoรn Sun Groupvแป trรญ : Hรฒa Xuรขn, Cแบฉm Lแป, ฤร NแบตngPhรขn khu mแป bรกn nแบฑm ngay vแป trรญ ฤแบฏc ฤแปa, sแป hแปฏu hรng loแบกt tiแปn รญch vฦฐแปฃt trแปi, ฤแบงy tiแปn nghi.-",,5 (m),,,
